File,H:\github\cs-ntnu\cs-ntnu\ntnu-dtu\5-semester-dtu-exchange\digitalmanufacturing-industry4.0\module-06\moldex3d-simulation\Digital Manufacturing 1\Analysis\Run01\Digital Manufacturing 101_CSHistory.csv
Title,Power Supply History Record
Time[sec],CC 1 Temperature(oC),Ctrl SN(0), ,CC 2 Temperature(oC),Ctrl SN(0), ,CC 3 Temperature(oC),Ctrl SN(0), ,CC 4 Temperature(oC),Ctrl SN(0), ,CC 5 Temperature(oC),Ctrl SN(0), ,CC 6 Temperature(oC),Ctrl SN(0), ,CC 7 Temperature(oC),Ctrl SN(0), ,CC 8 Temperature(oC),Ctrl SN(0), 
0.001262,40.00,0.00, ,40.00,0.00, ,40.00,0.00, ,40.00,0.00, ,40.00,0.00, ,40.00,0.00, ,40.00,0.00, ,40.00,0.00, 
0.002777,40.00,0.00, ,40.00,0.00, ,40.00,0.00, ,40.00,0.00, ,40.00,0.00, ,40.00,0.00, ,40.00,0.00, ,40.00,0.00, 
0.004594,40.00,0.00, ,40.00,0.00, ,40.00,0.00, ,40.00,0.00, ,40.00,0.00, ,40.00,0.00, ,40.00,0.00, ,40.00,0.00, 
0.006775,40.00,0.00, ,40.00,0.00, ,40.00,0.00, ,40.00,0.00, ,40.00,0.00, ,40.00,0.00, ,40.00,0.00, ,40.00,0.00, 
0.009392,40.00,0.00, ,40.00,0.00, ,40.00,0.00, ,40.00,0.00, ,40.00,0.00, ,40.00,0.00, ,40.00,0.00, ,40.00,0.00, 
0.012532,40.00,0.00, ,40.00,0.00, ,40.00,0.00, ,40.00,0.00, ,40.00,0.00, ,40.00,0.00, ,40.00,0.00, ,40.00,0.00, 
0.016301,40.00,0.00, ,40.00,0.00, ,40.00,0.00, ,40.00,0.00, ,40.00,0.00, ,40.00,0.00, ,40.00,0.00, ,40.00,0.00, 
0.020823,40.00,0.00, ,40.00,0.00, ,40.00,0.00, ,40.00,0.00, ,40.00,0.00, ,40.00,0.00, ,40.00,0.00, ,40.00,0.00, 
0.026249,40.00,0.00, ,40.00,0.00, ,40.00,0.00, ,40.00,0.00, ,40.00,0.00, ,40.00,0.00, ,40.00,0.00, ,40.00,0.00, 
0.031676,40.00,0.00, ,40.00,0.00, ,40.00,0.00, ,40.00,0.00, ,40.00,0.00, ,40.00,0.00, ,40.00,0.00, ,40.00,0.00, 
0.036017,40.00,0.00, ,40.00,0.00, ,40.00,0.00, ,40.00,0.00, ,40.00,0.00, ,40.00,0.00, ,40.00,0.00, ,40.00,0.00, 
0.039490,40.00,0.00, ,40.00,0.00, ,40.00,0.00, ,40.00,0.00, ,40.00,0.00, ,40.00,0.00, ,40.00,0.00, ,40.00,0.00, 
0.042269,40.00,0.00, ,40.00,0.00, ,40.00,0.00, ,40.00,0.00, ,40.00,0.00, ,40.00,0.00, ,40.00,0.00, ,40.00,0.00, 
0.044491,40.00,0.00, ,40.00,0.00, ,40.00,0.00, ,40.00,0.00, ,40.00,0.00, ,40.00,0.00, ,40.00,0.00, ,40.00,0.00, 
0.046714,40.00,0.00, ,40.00,0.00, ,40.00,0.00, ,40.00,0.00, ,40.00,0.00, ,40.00,0.00, ,40.00,0.00, ,40.00,0.00, 
0.048492,40.00,0.00, ,40.00,0.00, ,40.00,0.00, ,40.00,0.00, ,40.00,0.00, ,40.00,0.00, ,40.00,0.00, ,40.00,0.00, 
0.049915,40.00,0.00, ,40.00,0.00, ,40.00,0.00, ,40.00,0.00, ,40.00,0.00, ,40.00,0.00, ,40.00,0.00, ,40.00,0.00, 
0.051053,40.00,0.00, ,40.00,0.00, ,40.00,0.00, ,40.00,0.00, ,40.00,0.00, ,40.00,0.00, ,40.00,0.00, ,40.00,0.00, 
0.051963,40.00,0.00, ,40.00,0.00, ,40.00,0.00, ,40.00,0.00, ,40.00,0.00, ,40.00,0.00, ,40.00,0.00, ,40.00,0.00, 
0.052874,40.00,0.00, ,40.00,0.00, ,40.00,0.00, ,40.00,0.00, ,40.00,0.00, ,40.00,0.00, ,40.00,0.00, ,40.00,0.00, 
0.053602,40.00,0.00, ,40.00,0.00, ,40.00,0.00, ,40.00,0.00, ,40.00,0.00, ,40.00,0.00, ,40.00,0.00, ,40.00,0.00, 
0.054185,40.00,0.00, ,40.00,0.00, ,40.00,0.00, ,40.00,0.00, ,40.00,0.00, ,40.00,0.00, ,40.00,0.00, ,40.00,0.00, 
0.054651,40.00,0.00, ,40.00,0.00, ,40.00,0.00, ,40.00,0.00, ,40.00,0.00, ,40.00,0.00, ,40.00,0.00, ,40.00,0.00, 
0.055024,40.00,0.00, ,40.00,0.00, ,40.00,0.00, ,40.00,0.00, ,40.00,0.00, ,40.00,0.00, ,40.00,0.00, ,40.00,0.00, 
0.055322,40.00,0.00, ,40.00,0.00, ,40.00,0.00, ,40.00,0.00, ,40.00,0.00, ,40.00,0.00, ,40.00,0.00, ,40.00,0.00, 
0.055561,40.00,0.00, ,40.00,0.00, ,40.00,0.00, ,40.00,0.00, ,40.00,0.00, ,40.00,0.00, ,40.00,0.00, ,40.00,0.00, 
0.055799,40.00,0.00, ,40.00,0.00, ,40.00,0.00, ,40.00,0.00, ,40.00,0.00, ,40.00,0.00, ,40.00,0.00, ,40.00,0.00, 
0.055990,40.00,0.00, ,40.00,0.00, ,40.00,0.00, ,40.00,0.00, ,40.00,0.00, ,40.00,0.00, ,40.00,0.00, ,40.00,0.00, 
0.056181,40.00,0.00, ,40.00,0.00, ,40.00,0.00, ,40.00,0.00, ,40.00,0.00, ,40.00,0.00, ,40.00,0.00, ,40.00,0.00, 
0.056372,40.00,0.00, ,40.00,0.00, ,40.00,0.00, ,40.00,0.00, ,40.00,0.00, ,40.00,0.00, ,40.00,0.00, ,40.00,0.00, 
0.056563,40.00,0.00, ,40.00,0.00, ,40.00,0.00, ,40.00,0.00, ,40.00,0.00, ,40.00,0.00, ,40.00,0.00, ,40.00,0.00, 
0.056754,40.00,0.00, ,40.00,0.00, ,40.00,0.00, ,40.00,0.00, ,40.00,0.00, ,40.00,0.00, ,40.00,0.00, ,40.00,0.00, 
0.056983,40.00,0.00, ,40.00,0.00, ,40.00,0.00, ,40.00,0.00, ,40.00,0.00, ,40.00,0.00, ,40.00,0.00, ,40.00,0.00, 
0.057258,40.00,0.00, ,40.00,0.00, ,40.00,0.00, ,40.00,0.00, ,40.00,0.00, ,40.00,0.00, ,40.00,0.00, ,40.00,0.00, 
0.057533,40.00,0.00, ,40.00,0.00, ,40.00,0.00, ,40.00,0.00, ,40.00,0.00, ,40.00,0.00, ,40.00,0.00, ,40.00,0.00, 
0.057863,40.00,0.00, ,40.00,0.00, ,40.00,0.00, ,40.00,0.00, ,40.00,0.00, ,40.00,0.00, ,40.00,0.00, ,40.00,0.00, 
0.058193,40.00,0.00, ,40.00,0.00, ,40.00,0.00, ,40.00,0.00, ,40.00,0.00, ,40.00,0.00, ,40.00,0.00, ,40.00,0.00, 
0.058589,40.00,0.00, ,40.00,0.00, ,40.00,0.00, ,40.00,0.00, ,40.00,0.00, ,40.00,0.00, ,40.00,0.00, ,40.00,0.00, 
0.058985,40.00,0.00, ,40.00,0.00, ,40.00,0.00, ,40.00,0.00, ,40.00,0.00, ,40.00,0.00, ,40.00,0.00, ,40.00,0.00, 
0.059460,40.00,0.00, ,40.00,0.00, ,40.00,0.00, ,40.00,0.00, ,40.00,0.00, ,40.00,0.00, ,40.00,0.00, ,40.00,0.00, 
0.060030,40.00,0.00, ,40.00,0.00, ,40.00,0.00, ,40.00,0.00, ,40.00,0.00, ,40.00,0.00, ,40.00,0.00, ,40.00,0.00, 
0.060600,40.00,0.00, ,40.00,0.00, ,40.00,0.00, ,40.00,0.00, ,40.00,0.00, ,40.00,0.00, ,40.00,0.00, ,40.00,0.00, 
0.061170,40.00,0.00, ,40.00,0.00, ,40.00,0.00, ,40.00,0.00, ,40.00,0.00, ,40.00,0.00, ,40.00,0.00, ,40.00,0.00, 
0.061740,40.00,0.00, ,40.00,0.00, ,40.00,0.00, ,40.00,0.00, ,40.00,0.00, ,40.00,0.00, ,40.00,0.00, ,40.00,0.00, 
0.062311,40.00,0.00, ,40.00,0.00, ,40.00,0.00, ,40.00,0.00, ,40.00,0.00, ,40.00,0.00, ,40.00,0.00, ,40.00,0.00, 
0.062881,40.00,0.00, ,40.00,0.00, ,40.00,0.00, ,40.00,0.00, ,40.00,0.00, ,40.00,0.00, ,40.00,0.00, ,40.00,0.00, 
0.063451,40.00,0.00, ,40.00,0.00, ,40.00,0.00, ,40.00,0.00, ,40.00,0.00, ,40.00,0.00, ,40.00,0.00, ,40.00,0.00, 
0.064021,40.00,0.00, ,40.00,0.00, ,40.00,0.00, ,40.00,0.00, ,40.00,0.00, ,40.00,0.00, ,40.00,0.00, ,40.00,0.00, 
0.064591,40.00,0.00, ,40.00,0.00, ,40.00,0.00, ,40.00,0.00, ,40.00,0.00, ,40.00,0.00, ,40.00,0.00, ,40.00,0.00, 
0.065161,40.00,0.00, ,40.00,0.00, ,40.00,0.00, ,40.00,0.00, ,40.00,0.00, ,40.00,0.00, ,40.00,0.00, ,40.00,0.00, 
0.065731,40.00,0.00, ,40.00,0.00, ,40.00,0.00, ,40.00,0.00, ,40.00,0.00, ,40.00,0.00, ,40.00,0.00, ,40.00,0.00, 
0.066301,40.00,0.00, ,40.00,0.00, ,40.00,0.00, ,40.00,0.00, ,40.00,0.00, ,40.00,0.00, ,40.00,0.00, ,40.00,0.00, 
0.066871,40.00,0.00, ,40.00,0.00, ,40.00,0.00, ,40.00,0.00, ,40.00,0.00, ,40.00,0.00, ,40.00,0.00, ,40.00,0.00, 
0.067442,40.00,0.00, ,40.00,0.00, ,40.00,0.00, ,40.00,0.00, ,40.00,0.00, ,40.00,0.00, ,40.00,0.00, ,40.00,0.00, 
0.068012,40.00,0.00, ,40.00,0.00, ,40.00,0.00, ,40.00,0.00, ,40.00,0.00, ,40.00,0.00, ,40.00,0.00, ,40.00,0.00, 
0.068582,40.00,0.00, ,40.00,0.00, ,40.00,0.00, ,40.00,0.00, ,40.00,0.00, ,40.00,0.00, ,40.00,0.00, ,40.00,0.00, 
0.069152,40.00,0.00, ,40.00,0.00, ,40.00,0.00, ,40.00,0.00, ,40.00,0.00, ,40.00,0.00, ,40.00,0.00, ,40.00,0.00, 
0.069722,40.00,0.00, ,40.00,0.00, ,40.00,0.00, ,40.00,0.00, ,40.00,0.00, ,40.00,0.00, ,40.00,0.00, ,40.00,0.00, 
0.070292,40.00,0.00, ,40.00,0.00, ,40.00,0.00, ,40.00,0.00, ,40.00,0.00, ,40.00,0.00, ,40.00,0.00, ,40.00,0.00, 
0.070976,40.00,0.00, ,40.00,0.00, ,40.00,0.00, ,40.00,0.00, ,40.00,0.00, ,40.00,0.00, ,40.00,0.00, ,40.00,0.00, 
0.071660,40.00,0.00, ,40.00,0.00, ,40.00,0.00, ,40.00,0.00, ,40.00,0.00, ,40.00,0.00, ,40.00,0.00, ,40.00,0.00, 
0.072345,40.00,0.00, ,40.00,0.00, ,40.00,0.00, ,40.00,0.00, ,40.00,0.00, ,40.00,0.00, ,40.00,0.00, ,40.00,0.00, 
0.073029,40.00,0.00, ,40.00,0.00, ,40.00,0.00, ,40.00,0.00, ,40.00,0.00, ,40.00,0.00, ,40.00,0.00, ,40.00,0.00, 
0.073713,40.00,0.00, ,40.00,0.00, ,40.00,0.00, ,40.00,0.00, ,40.00,0.00, ,40.00,0.00, ,40.00,0.00, ,40.00,0.00, 
0.074397,40.00,0.00, ,40.00,0.00, ,40.00,0.00, ,40.00,0.00, ,40.00,0.00, ,40.00,0.00, ,40.00,0.00, ,40.00,0.00, 
0.075081,40.00,0.00, ,40.00,0.00, ,40.00,0.00, ,40.00,0.00, ,40.00,0.00, ,40.00,0.00, ,40.00,0.00, ,40.00,0.00, 
0.075765,40.00,0.00, ,40.00,0.00, ,40.00,0.00, ,40.00,0.00, ,40.00,0.00, ,40.00,0.00, ,40.00,0.00, ,40.00,0.00, 
0.076449,40.00,0.00, ,40.00,0.00, ,40.00,0.00, ,40.00,0.00, ,40.00,0.00, ,40.00,0.00, ,40.00,0.00, ,40.00,0.00, 
0.077134,40.00,0.00, ,40.00,0.00, ,40.00,0.00, ,40.00,0.00, ,40.00,0.00, ,40.00,0.00, ,40.00,0.00, ,40.00,0.00, 
0.077818,40.00,0.00, ,40.00,0.00, ,40.00,0.00, ,40.00,0.00, ,40.00,0.00, ,40.00,0.00, ,40.00,0.00, ,40.00,0.00, 
0.078502,40.00,0.00, ,40.00,0.00, ,40.00,0.00, ,40.00,0.00, ,40.00,0.00, ,40.00,0.00, ,40.00,0.00, ,40.00,0.00, 
0.079186,40.00,0.00, ,40.00,0.00, ,40.00,0.00, ,40.00,0.00, ,40.00,0.00, ,40.00,0.00, ,40.00,0.00, ,40.00,0.00, 
0.079870,40.00,0.00, ,40.00,0.00, ,40.00,0.00, ,40.00,0.00, ,40.00,0.00, ,40.00,0.00, ,40.00,0.00, ,40.00,0.00, 
0.080554,40.00,0.00, ,40.00,0.00, ,40.00,0.00, ,40.00,0.00, ,40.00,0.00, ,40.00,0.00, ,40.00,0.00, ,40.00,0.00, 
0.081238,40.00,0.00, ,40.00,0.00, ,40.00,0.00, ,40.00,0.00, ,40.00,0.00, ,40.00,0.00, ,40.00,0.00, ,40.00,0.00, 
0.081923,40.00,0.00, ,40.00,0.00, ,40.00,0.00, ,40.00,0.00, ,40.00,0.00, ,40.00,0.00, ,40.00,0.00, ,40.00,0.00, 
0.082607,40.00,0.00, ,40.00,0.00, ,40.00,0.00, ,40.00,0.00, ,40.00,0.00, ,40.00,0.00, ,40.00,0.00, ,40.00,0.00, 
0.083291,40.00,0.00, ,40.00,0.00, ,40.00,0.00, ,40.00,0.00, ,40.00,0.00, ,40.00,0.00, ,40.00,0.00, ,40.00,0.00, 
0.083975,40.00,0.00, ,40.00,0.00, ,40.00,0.00, ,40.00,0.00, ,40.00,0.00, ,40.00,0.00, ,40.00,0.00, ,40.00,0.00, 
0.084659,40.00,0.00, ,40.00,0.00, ,40.00,0.00, ,40.00,0.00, ,40.00,0.00, ,40.00,0.00, ,40.00,0.00, ,40.00,0.00, 
0.085343,40.00,0.00, ,40.00,0.00, ,40.00,0.00, ,40.00,0.00, ,40.00,0.00, ,40.00,0.00, ,40.00,0.00, ,40.00,0.00, 
0.086027,40.00,0.00, ,40.00,0.00, ,40.00,0.00, ,40.00,0.00, ,40.00,0.00, ,40.00,0.00, ,40.00,0.00, ,40.00,0.00, 
0.086712,40.00,0.00, ,40.00,0.00, ,40.00,0.00, ,40.00,0.00, ,40.00,0.00, ,40.00,0.00, ,40.00,0.00, ,40.00,0.00, 
0.087396,40.00,0.00, ,40.00,0.00, ,40.00,0.00, ,40.00,0.00, ,40.00,0.00, ,40.00,0.00, ,40.00,0.00, ,40.00,0.00, 
0.088080,40.00,0.00, ,40.00,0.00, ,40.00,0.00, ,40.00,0.00, ,40.00,0.00, ,40.00,0.00, ,40.00,0.00, ,40.00,0.00, 
0.088764,40.00,0.00, ,40.00,0.00, ,40.00,0.00, ,40.00,0.00, ,40.00,0.00, ,40.00,0.00, ,40.00,0.00, ,40.00,0.00, 
0.089448,40.00,0.00, ,40.00,0.00, ,40.00,0.00, ,40.00,0.00, ,40.00,0.00, ,40.00,0.00, ,40.00,0.00, ,40.00,0.00, 
0.090132,40.00,0.00, ,40.00,0.00, ,40.00,0.00, ,40.00,0.00, ,40.00,0.00, ,40.00,0.00, ,40.00,0.00, ,40.00,0.00, 
0.090953,40.00,0.00, ,40.00,0.00, ,40.00,0.00, ,40.00,0.00, ,40.00,0.00, ,40.00,0.00, ,40.00,0.00, ,40.00,0.00, 
0.091774,40.00,0.00, ,40.00,0.00, ,40.00,0.00, ,40.00,0.00, ,40.00,0.00, ,40.00,0.00, ,40.00,0.00, ,40.00,0.00, 
0.092595,40.00,0.00, ,40.00,0.00, ,40.00,0.00, ,40.00,0.00, ,40.00,0.00, ,40.00,0.00, ,40.00,0.00, ,40.00,0.00, 
0.093416,40.00,0.00, ,40.00,0.00, ,40.00,0.00, ,40.00,0.00, ,40.00,0.00, ,40.00,0.00, ,40.00,0.00, ,40.00,0.00, 
0.094237,40.00,0.00, ,40.00,0.00, ,40.00,0.00, ,40.00,0.00, ,40.00,0.00, ,40.00,0.00, ,40.00,0.00, ,40.00,0.00, 
0.095222,40.00,0.00, ,40.00,0.00, ,40.00,0.00, ,40.00,0.00, ,40.00,0.00, ,40.00,0.00, ,40.00,0.00, ,40.00,0.00, 
0.096405,40.00,0.00, ,40.00,0.00, ,40.00,0.00, ,40.00,0.00, ,40.00,0.00, ,40.00,0.00, ,40.00,0.00, ,40.00,0.00, 
0.097823,40.00,0.00, ,40.00,0.00, ,40.00,0.00, ,40.00,0.00, ,40.00,0.00, ,40.00,0.00, ,40.00,0.00, ,40.00,0.00, 
0.099526,40.00,0.00, ,40.00,0.00, ,40.00,0.00, ,40.00,0.00, ,40.00,0.00, ,40.00,0.00, ,40.00,0.00, ,40.00,0.00, 
0.101228,40.00,0.00, ,40.00,0.00, ,40.00,0.00, ,40.00,0.00, ,40.00,0.00, ,40.00,0.00, ,40.00,0.00, ,40.00,0.00, 
0.103271,40.00,0.00, ,40.00,0.00, ,40.00,0.00, ,40.00,0.00, ,40.00,0.00, ,40.00,0.00, ,40.00,0.00, ,40.00,0.00, 
0.105314,40.00,0.00, ,40.00,0.00, ,40.00,0.00, ,40.00,0.00, ,40.00,0.00, ,40.00,0.00, ,40.00,0.00, ,40.00,0.00, 
0.107356,40.00,0.00, ,40.00,0.00, ,40.00,0.00, ,40.00,0.00, ,40.00,0.00, ,40.00,0.00, ,40.00,0.00, ,40.00,0.00, 
0.109399,40.00,0.00, ,40.00,0.00, ,40.00,0.00, ,40.00,0.00, ,40.00,0.00, ,40.00,0.00, ,40.00,0.00, ,40.00,0.00, 
0.111442,40.00,0.00, ,40.00,0.00, ,40.00,0.00, ,40.00,0.00, ,40.00,0.00, ,40.00,0.00, ,40.00,0.00, ,40.00,0.00, 
0.113485,40.00,0.00, ,40.00,0.00, ,40.00,0.00, ,40.00,0.00, ,40.00,0.00, ,40.00,0.00, ,40.00,0.00, ,40.00,0.00, 
0.115528,40.00,0.00, ,40.00,0.00, ,40.00,0.00, ,40.00,0.00, ,40.00,0.00, ,40.00,0.00, ,40.00,0.00, ,40.00,0.00, 
0.117571,40.00,0.00, ,40.00,0.00, ,40.00,0.00, ,40.00,0.00, ,40.00,0.00, ,40.00,0.00, ,40.00,0.00, ,40.00,0.00, 
0.119613,40.00,0.00, ,40.00,0.00, ,40.00,0.00, ,40.00,0.00, ,40.00,0.00, ,40.00,0.00, ,40.00,0.00, ,40.00,0.00, 
0.121656,40.00,0.00, ,40.00,0.00, ,40.00,0.00, ,40.00,0.00, ,40.00,0.00, ,40.00,0.00, ,40.00,0.00, ,40.00,0.00, 
0.123699,40.00,0.00, ,40.00,0.00, ,40.00,0.00, ,40.00,0.00, ,40.00,0.00, ,40.00,0.00, ,40.00,0.00, ,40.00,0.00, 
0.125742,40.00,0.00, ,40.00,0.00, ,40.00,0.00, ,40.00,0.00, ,40.00,0.00, ,40.00,0.00, ,40.00,0.00, ,40.00,0.00, 
0.127785,40.00,0.00, ,40.00,0.00, ,40.00,0.00, ,40.00,0.00, ,40.00,0.00, ,40.00,0.00, ,40.00,0.00, ,40.00,0.00, 
0.129828,40.00,0.00, ,40.00,0.00, ,40.00,0.00, ,40.00,0.00, ,40.00,0.00, ,40.00,0.00, ,40.00,0.00, ,40.00,0.00, 
0.131870,40.00,0.00, ,40.00,0.00, ,40.00,0.00, ,40.00,0.00, ,40.00,0.00, ,40.00,0.00, ,40.00,0.00, ,40.00,0.00, 
0.133913,40.00,0.00, ,40.00,0.00, ,40.00,0.00, ,40.00,0.00, ,40.00,0.00, ,40.00,0.00, ,40.00,0.00, ,40.00,0.00, 
0.135956,40.00,0.00, ,40.00,0.00, ,40.00,0.00, ,40.00,0.00, ,40.00,0.00, ,40.00,0.00, ,40.00,0.00, ,40.00,0.00, 
0.137999,40.00,0.00, ,40.00,0.00, ,40.00,0.00, ,40.00,0.00, ,40.00,0.00, ,40.00,0.00, ,40.00,0.00, ,40.00,0.00, 
0.140042,40.00,0.00, ,40.00,0.00, ,40.00,0.00, ,40.00,0.00, ,40.00,0.00, ,40.00,0.00, ,40.00,0.00, ,40.00,0.00, 
0.142085,40.00,0.00, ,40.00,0.00, ,40.00,0.00, ,40.00,0.00, ,40.00,0.00, ,40.00,0.00, ,40.00,0.00, ,40.00,0.00, 
0.144127,40.00,0.00, ,40.00,0.00, ,40.00,0.00, ,40.00,0.00, ,40.00,0.00, ,40.00,0.00, ,40.00,0.00, ,40.00,0.00, 
0.146170,40.00,0.00, ,40.00,0.00, ,40.00,0.00, ,40.00,0.00, ,40.00,0.00, ,40.00,0.00, ,40.00,0.00, ,40.00,0.00, 
0.148213,40.00,0.00, ,40.00,0.00, ,40.00,0.00, ,40.00,0.00, ,40.00,0.00, ,40.00,0.00, ,40.00,0.00, ,40.00,0.00, 
0.150256,40.00,0.00, ,40.00,0.00, ,40.00,0.00, ,40.00,0.00, ,40.00,0.00, ,40.00,0.00, ,40.00,0.00, ,40.00,0.00, 
0.152299,40.00,0.00, ,40.00,0.00, ,40.00,0.00, ,40.00,0.00, ,40.00,0.00, ,40.00,0.00, ,40.00,0.00, ,40.00,0.00, 
0.154342,40.00,0.00, ,40.00,0.00, ,40.00,0.00, ,40.00,0.00, ,40.00,0.00, ,40.00,0.00, ,40.00,0.00, ,40.00,0.00, 
0.156384,40.00,0.00, ,40.00,0.00, ,40.00,0.00, ,40.00,0.00, ,40.00,0.00, ,40.00,0.00, ,40.00,0.00, ,40.00,0.00, 
0.158427,40.00,0.00, ,40.00,0.00, ,40.00,0.00, ,40.00,0.00, ,40.00,0.00, ,40.00,0.00, ,40.00,0.00, ,40.00,0.00, 
0.160470,40.00,0.00, ,40.00,0.00, ,40.00,0.00, ,40.00,0.00, ,40.00,0.00, ,40.00,0.00, ,40.00,0.00, ,40.00,0.00, 
0.162513,40.00,0.00, ,40.00,0.00, ,40.00,0.00, ,40.00,0.00, ,40.00,0.00, ,40.00,0.00, ,40.00,0.00, ,40.00,0.00, 
0.164556,40.00,0.00, ,40.00,0.00, ,40.00,0.00, ,40.00,0.00, ,40.00,0.00, ,40.00,0.00, ,40.00,0.00, ,40.00,0.00, 
0.166599,40.00,0.00, ,40.00,0.00, ,40.00,0.00, ,40.00,0.00, ,40.00,0.00, ,40.00,0.00, ,40.00,0.00, ,40.00,0.00, 
0.168642,40.00,0.00, ,40.00,0.00, ,40.00,0.00, ,40.00,0.00, ,40.00,0.00, ,40.00,0.00, ,40.00,0.00, ,40.00,0.00, 
0.170684,40.00,0.00, ,40.00,0.00, ,40.00,0.00, ,40.00,0.00, ,40.00,0.00, ,40.00,0.00, ,40.00,0.00, ,40.00,0.00, 
0.172727,40.00,0.00, ,40.00,0.00, ,40.00,0.00, ,40.00,0.00, ,40.00,0.00, ,40.00,0.00, ,40.00,0.00, ,40.00,0.00, 
0.174770,40.00,0.00, ,40.00,0.00, ,40.00,0.00, ,40.00,0.00, ,40.00,0.00, ,40.00,0.00, ,40.00,0.00, ,40.00,0.00, 
0.176813,40.00,0.00, ,40.00,0.00, ,40.00,0.00, ,40.00,0.00, ,40.00,0.00, ,40.00,0.00, ,40.00,0.00, ,40.00,0.00, 
0.178856,40.00,0.00, ,40.00,0.00, ,40.00,0.00, ,40.00,0.00, ,40.00,0.00, ,40.00,0.00, ,40.00,0.00, ,40.00,0.00, 
0.180899,40.00,0.00, ,40.00,0.00, ,40.00,0.00, ,40.00,0.00, ,40.00,0.00, ,40.00,0.00, ,40.00,0.00, ,40.00,0.00, 
0.182941,40.00,0.00, ,40.00,0.00, ,40.00,0.00, ,40.00,0.00, ,40.00,0.00, ,40.00,0.00, ,40.00,0.00, ,40.00,0.00, 
0.184984,40.00,0.00, ,40.00,0.00, ,40.00,0.00, ,40.00,0.00, ,40.00,0.00, ,40.00,0.00, ,40.00,0.00, ,40.00,0.00, 
0.187027,40.00,0.00, ,40.00,0.00, ,40.00,0.00, ,40.00,0.00, ,40.00,0.00, ,40.00,0.00, ,40.00,0.00, ,40.00,0.00, 
0.189070,40.00,0.00, ,40.00,0.00, ,40.00,0.00, ,40.00,0.00, ,40.00,0.00, ,40.00,0.00, ,40.00,0.00, ,40.00,0.00, 
0.191113,40.00,0.00, ,40.00,0.00, ,40.00,0.00, ,40.00,0.00, ,40.00,0.00, ,40.00,0.00, ,40.00,0.00, ,40.00,0.00, 
0.193156,40.00,0.00, ,40.00,0.00, ,40.00,0.00, ,40.00,0.00, ,40.00,0.00, ,40.00,0.00, ,40.00,0.00, ,40.00,0.00, 
0.195198,40.00,0.00, ,40.00,0.00, ,40.00,0.00, ,40.00,0.00, ,40.00,0.00, ,40.00,0.00, ,40.00,0.00, ,40.00,0.00, 
0.197241,40.00,0.00, ,40.00,0.00, ,40.00,0.00, ,40.00,0.00, ,40.00,0.00, ,40.00,0.00, ,40.00,0.00, ,40.00,0.00, 
0.199284,40.00,0.00, ,40.00,0.00, ,40.00,0.00, ,40.00,0.00, ,40.00,0.00, ,40.00,0.00, ,40.00,0.00, ,40.00,0.00, 
0.201327,40.00,0.00, ,40.00,0.00, ,40.00,0.00, ,40.00,0.00, ,40.00,0.00, ,40.00,0.00, ,40.00,0.00, ,40.00,0.00, 
0.203370,40.00,0.00, ,40.00,0.00, ,40.00,0.00, ,40.00,0.00, ,40.00,0.00, ,40.00,0.00, ,40.00,0.00, ,40.00,0.00, 
0.205413,40.00,0.00, ,40.00,0.00, ,40.00,0.00, ,40.00,0.00, ,40.00,0.00, ,40.00,0.00, ,40.00,0.00, ,40.00,0.00, 
0.207455,40.00,0.00, ,40.00,0.00, ,40.00,0.00, ,40.00,0.00, ,40.00,0.00, ,40.00,0.00, ,40.00,0.00, ,40.00,0.00, 
0.209498,40.00,0.00, ,40.00,0.00, ,40.00,0.00, ,40.00,0.00, ,40.00,0.00, ,40.00,0.00, ,40.00,0.00, ,40.00,0.00, 
0.211541,40.00,0.00, ,40.00,0.00, ,40.00,0.00, ,40.00,0.00, ,40.00,0.00, ,40.00,0.00, ,40.00,0.00, ,40.00,0.00, 
0.213584,40.00,0.00, ,40.00,0.00, ,40.00,0.00, ,40.00,0.00, ,40.00,0.00, ,40.00,0.00, ,40.00,0.00, ,40.00,0.00, 
0.215627,40.00,0.00, ,40.00,0.00, ,40.00,0.00, ,40.00,0.00, ,40.00,0.00, ,40.00,0.00, ,40.00,0.00, ,40.00,0.00, 
0.217670,40.00,0.00, ,40.00,0.00, ,40.00,0.00, ,40.00,0.00, ,40.00,0.00, ,40.00,0.00, ,40.00,0.00, ,40.00,0.00, 
0.219712,40.00,0.00, ,40.00,0.00, ,40.00,0.00, ,40.00,0.00, ,40.00,0.00, ,40.00,0.00, ,40.00,0.00, ,40.00,0.00, 
0.221755,40.00,0.00, ,40.00,0.00, ,40.00,0.00, ,40.00,0.00, ,40.00,0.00, ,40.00,0.00, ,40.00,0.00, ,40.00,0.00, 
0.224207,40.00,0.00, ,40.00,0.00, ,40.00,0.00, ,40.00,0.00, ,40.00,0.00, ,40.00,0.00, ,40.00,0.00, ,40.00,0.00, 
0.226658,40.00,0.00, ,40.00,0.00, ,40.00,0.00, ,40.00,0.00, ,40.00,0.00, ,40.00,0.00, ,40.00,0.00, ,40.00,0.00, 
0.229109,40.00,0.00, ,40.00,0.00, ,40.00,0.00, ,40.00,0.00, ,40.00,0.00, ,40.00,0.00, ,40.00,0.00, ,40.00,0.00, 
0.231561,40.00,0.00, ,40.00,0.00, ,40.00,0.00, ,40.00,0.00, ,40.00,0.00, ,40.00,0.00, ,40.00,0.00, ,40.00,0.00, 
0.234012,40.00,0.00, ,40.00,0.00, ,40.00,0.00, ,40.00,0.00, ,40.00,0.00, ,40.00,0.00, ,40.00,0.00, ,40.00,0.00, 
0.236464,40.00,0.00, ,40.00,0.00, ,40.00,0.00, ,40.00,0.00, ,40.00,0.00, ,40.00,0.00, ,40.00,0.00, ,40.00,0.00, 
0.238915,40.00,0.00, ,40.00,0.00, ,40.00,0.00, ,40.00,0.00, ,40.00,0.00, ,40.00,0.00, ,40.00,0.00, ,40.00,0.00, 
0.241367,40.00,0.00, ,40.00,0.00, ,40.00,0.00, ,40.00,0.00, ,40.00,0.00, ,40.00,0.00, ,40.00,0.00, ,40.00,0.00, 
0.243818,40.00,0.00, ,40.00,0.00, ,40.00,0.00, ,40.00,0.00, ,40.00,0.00, ,40.00,0.00, ,40.00,0.00, ,40.00,0.00, 
0.245779,40.00,0.00, ,40.00,0.00, ,40.00,0.00, ,40.00,0.00, ,40.00,0.00, ,40.00,0.00, ,40.00,0.00, ,40.00,0.00, 
0.247348,40.00,0.00, ,40.00,0.00, ,40.00,0.00, ,40.00,0.00, ,40.00,0.00, ,40.00,0.00, ,40.00,0.00, ,40.00,0.00, 
0.248917,40.00,0.00, ,40.00,0.00, ,40.00,0.00, ,40.00,0.00, ,40.00,0.00, ,40.00,0.00, ,40.00,0.00, ,40.00,0.00, 
0.250486,40.00,0.00, ,40.00,0.00, ,40.00,0.00, ,40.00,0.00, ,40.00,0.00, ,40.00,0.00, ,40.00,0.00, ,40.00,0.00, 
0.252055,40.00,0.00, ,40.00,0.00, ,40.00,0.00, ,40.00,0.00, ,40.00,0.00, ,40.00,0.00, ,40.00,0.00, ,40.00,0.00, 
0.253624,40.00,0.00, ,40.00,0.00, ,40.00,0.00, ,40.00,0.00, ,40.00,0.00, ,40.00,0.00, ,40.00,0.00, ,40.00,0.00, 
0.255192,40.00,0.00, ,40.00,0.00, ,40.00,0.00, ,40.00,0.00, ,40.00,0.00, ,40.00,0.00, ,40.00,0.00, ,40.00,0.00, 
0.256761,40.00,0.00, ,40.00,0.00, ,40.00,0.00, ,40.00,0.00, ,40.00,0.00, ,40.00,0.00, ,40.00,0.00, ,40.00,0.00, 
0.258330,40.00,0.00, ,40.00,0.00, ,40.00,0.00, ,40.00,0.00, ,40.00,0.00, ,40.00,0.00, ,40.00,0.00, ,40.00,0.00, 
0.259899,40.00,0.00, ,40.00,0.00, ,40.00,0.00, ,40.00,0.00, ,40.00,0.00, ,40.00,0.00, ,40.00,0.00, ,40.00,0.00, 
0.261468,40.00,0.00, ,40.00,0.00, ,40.00,0.00, ,40.00,0.00, ,40.00,0.00, ,40.00,0.00, ,40.00,0.00, ,40.00,0.00, 
0.263037,40.00,0.00, ,40.00,0.00, ,40.00,0.00, ,40.00,0.00, ,40.00,0.00, ,40.00,0.00, ,40.00,0.00, ,40.00,0.00, 
0.264920,40.00,0.00, ,40.00,0.00, ,40.00,0.00, ,40.00,0.00, ,40.00,0.00, ,40.00,0.00, ,40.00,0.00, ,40.00,0.00, 
0.266802,40.00,0.00, ,40.00,0.00, ,40.00,0.00, ,40.00,0.00, ,40.00,0.00, ,40.00,0.00, ,40.00,0.00, ,40.00,0.00, 
0.268685,40.00,0.00, ,40.00,0.00, ,40.00,0.00, ,40.00,0.00, ,40.00,0.00, ,40.00,0.00, ,40.00,0.00, ,40.00,0.00, 
0.270568,40.00,0.00, ,40.00,0.00, ,40.00,0.00, ,40.00,0.00, ,40.00,0.00, ,40.00,0.00, ,40.00,0.00, ,40.00,0.00, 
0.272450,40.00,0.00, ,40.00,0.00, ,40.00,0.00, ,40.00,0.00, ,40.00,0.00, ,40.00,0.00, ,40.00,0.00, ,40.00,0.00, 
0.274333,40.00,0.00, ,40.00,0.00, ,40.00,0.00, ,40.00,0.00, ,40.00,0.00, ,40.00,0.00, ,40.00,0.00, ,40.00,0.00, 
0.276592,40.00,0.00, ,40.00,0.00, ,40.00,0.00, ,40.00,0.00, ,40.00,0.00, ,40.00,0.00, ,40.00,0.00, ,40.00,0.00, 
0.278851,40.00,0.00, ,40.00,0.00, ,40.00,0.00, ,40.00,0.00, ,40.00,0.00, ,40.00,0.00, ,40.00,0.00, ,40.00,0.00, 
0.281111,40.00,0.00, ,40.00,0.00, ,40.00,0.00, ,40.00,0.00, ,40.00,0.00, ,40.00,0.00, ,40.00,0.00, ,40.00,0.00, 
0.283370,40.00,0.00, ,40.00,0.00, ,40.00,0.00, ,40.00,0.00, ,40.00,0.00, ,40.00,0.00, ,40.00,0.00, ,40.00,0.00, 
0.285629,40.00,0.00, ,40.00,0.00, ,40.00,0.00, ,40.00,0.00, ,40.00,0.00, ,40.00,0.00, ,40.00,0.00, ,40.00,0.00, 
0.287888,40.00,0.00, ,40.00,0.00, ,40.00,0.00, ,40.00,0.00, ,40.00,0.00, ,40.00,0.00, ,40.00,0.00, ,40.00,0.00, 
0.290147,40.00,0.00, ,40.00,0.00, ,40.00,0.00, ,40.00,0.00, ,40.00,0.00, ,40.00,0.00, ,40.00,0.00, ,40.00,0.00, 
0.292407,40.00,0.00, ,40.00,0.00, ,40.00,0.00, ,40.00,0.00, ,40.00,0.00, ,40.00,0.00, ,40.00,0.00, ,40.00,0.00, 
0.294666,40.00,0.00, ,40.00,0.00, ,40.00,0.00, ,40.00,0.00, ,40.00,0.00, ,40.00,0.00, ,40.00,0.00, ,40.00,0.00, 
0.296925,40.00,0.00, ,40.00,0.00, ,40.00,0.00, ,40.00,0.00, ,40.00,0.00, ,40.00,0.00, ,40.00,0.00, ,40.00,0.00, 
0.299636,40.00,0.00, ,40.00,0.00, ,40.00,0.00, ,40.00,0.00, ,40.00,0.00, ,40.00,0.00, ,40.00,0.00, ,40.00,0.00, 
0.302347,40.00,0.00, ,40.00,0.00, ,40.00,0.00, ,40.00,0.00, ,40.00,0.00, ,40.00,0.00, ,40.00,0.00, ,40.00,0.00, 
0.305058,40.00,0.00, ,40.00,0.00, ,40.00,0.00, ,40.00,0.00, ,40.00,0.00, ,40.00,0.00, ,40.00,0.00, ,40.00,0.00, 
0.307769,40.00,0.00, ,40.00,0.00, ,40.00,0.00, ,40.00,0.00, ,40.00,0.00, ,40.00,0.00, ,40.00,0.00, ,40.00,0.00, 
0.310480,40.00,0.00, ,40.00,0.00, ,40.00,0.00, ,40.00,0.00, ,40.00,0.00, ,40.00,0.00, ,40.00,0.00, ,40.00,0.00, 
0.313191,40.00,0.00, ,40.00,0.00, ,40.00,0.00, ,40.00,0.00, ,40.00,0.00, ,40.00,0.00, ,40.00,0.00, ,40.00,0.00, 
0.315903,40.00,0.00, ,40.00,0.00, ,40.00,0.00, ,40.00,0.00, ,40.00,0.00, ,40.00,0.00, ,40.00,0.00, ,40.00,0.00, 
0.318614,40.00,0.00, ,40.00,0.00, ,40.00,0.00, ,40.00,0.00, ,40.00,0.00, ,40.00,0.00, ,40.00,0.00, ,40.00,0.00, 
0.321325,40.00,0.00, ,40.00,0.00, ,40.00,0.00, ,40.00,0.00, ,40.00,0.00, ,40.00,0.00, ,40.00,0.00, ,40.00,0.00, 
0.324036,40.00,0.00, ,40.00,0.00, ,40.00,0.00, ,40.00,0.00, ,40.00,0.00, ,40.00,0.00, ,40.00,0.00, ,40.00,0.00, 
0.326747,40.00,0.00, ,40.00,0.00, ,40.00,0.00, ,40.00,0.00, ,40.00,0.00, ,40.00,0.00, ,40.00,0.00, ,40.00,0.00, 
0.330000,40.00,0.00, ,40.00,0.00, ,40.00,0.00, ,40.00,0.00, ,40.00,0.00, ,40.00,0.00, ,40.00,0.00, ,40.00,0.00, 
0.333904,40.00,0.00, ,40.00,0.00, ,40.00,0.00, ,40.00,0.00, ,40.00,0.00, ,40.00,0.00, ,40.00,0.00, ,40.00,0.00, 
0.338589,40.00,0.00, ,40.00,0.00, ,40.00,0.00, ,40.00,0.00, ,40.00,0.00, ,40.00,0.00, ,40.00,0.00, ,40.00,0.00, 
0.344210,40.00,0.00, ,40.00,0.00, ,40.00,0.00, ,40.00,0.00, ,40.00,0.00, ,40.00,0.00, ,40.00,0.00, ,40.00,0.00, 
0.350956,40.00,0.00, ,40.00,0.00, ,40.00,0.00, ,40.00,0.00, ,40.00,0.00, ,40.00,0.00, ,40.00,0.00, ,40.00,0.00, 
0.359051,40.00,0.00, ,40.00,0.00, ,40.00,0.00, ,40.00,0.00, ,40.00,0.00, ,40.00,0.00, ,40.00,0.00, ,40.00,0.00, 
0.368766,40.00,0.00, ,40.00,0.00, ,40.00,0.00, ,40.00,0.00, ,40.00,0.00, ,40.00,0.00, ,40.00,0.00, ,40.00,0.00, 
0.378480,40.00,0.00, ,40.00,0.00, ,40.00,0.00, ,40.00,0.00, ,40.00,0.00, ,40.00,0.00, ,40.00,0.00, ,40.00,0.00, 
0.390137,40.00,0.00, ,40.00,0.00, ,40.00,0.00, ,40.00,0.00, ,40.00,0.00, ,40.00,0.00, ,40.00,0.00, ,40.00,0.00, 
0.401794,40.00,0.00, ,40.00,0.00, ,40.00,0.00, ,40.00,0.00, ,40.00,0.00, ,40.00,0.00, ,40.00,0.00, ,40.00,0.00, 
0.413451,40.00,0.00, ,40.00,0.00, ,40.00,0.00, ,40.00,0.00, ,40.00,0.00, ,40.00,0.00, ,40.00,0.00, ,40.00,0.00, 
0.425108,40.00,0.00, ,40.00,0.00, ,40.00,0.00, ,40.00,0.00, ,40.00,0.00, ,40.00,0.00, ,40.00,0.00, ,40.00,0.00, 
0.436765,40.00,0.00, ,40.00,0.00, ,40.00,0.00, ,40.00,0.00, ,40.00,0.00, ,40.00,0.00, ,40.00,0.00, ,40.00,0.00, 
0.448422,40.00,0.00, ,40.00,0.00, ,40.00,0.00, ,40.00,0.00, ,40.00,0.00, ,40.00,0.00, ,40.00,0.00, ,40.00,0.00, 
0.460079,40.00,0.00, ,40.00,0.00, ,40.00,0.00, ,40.00,0.00, ,40.00,0.00, ,40.00,0.00, ,40.00,0.00, ,40.00,0.00, 
0.471736,40.00,0.00, ,40.00,0.00, ,40.00,0.00, ,40.00,0.00, ,40.00,0.00, ,40.00,0.00, ,40.00,0.00, ,40.00,0.00, 
0.483393,40.00,0.00, ,40.00,0.00, ,40.00,0.00, ,40.00,0.00, ,40.00,0.00, ,40.00,0.00, ,40.00,0.00, ,40.00,0.00, 
0.495050,40.00,0.00, ,40.00,0.00, ,40.00,0.00, ,40.00,0.00, ,40.00,0.00, ,40.00,0.00, ,40.00,0.00, ,40.00,0.00, 
0.506707,40.00,0.00, ,40.00,0.00, ,40.00,0.00, ,40.00,0.00, ,40.00,0.00, ,40.00,0.00, ,40.00,0.00, ,40.00,0.00, 
0.518364,40.00,0.00, ,40.00,0.00, ,40.00,0.00, ,40.00,0.00, ,40.00,0.00, ,40.00,0.00, ,40.00,0.00, ,40.00,0.00, 
0.530022,40.00,0.00, ,40.00,0.00, ,40.00,0.00, ,40.00,0.00, ,40.00,0.00, ,40.00,0.00, ,40.00,0.00, ,40.00,0.00, 
0.541679,40.00,0.00, ,40.00,0.00, ,40.00,0.00, ,40.00,0.00, ,40.00,0.00, ,40.00,0.00, ,40.00,0.00, ,40.00,0.00, 
0.553336,40.00,0.00, ,40.00,0.00, ,40.00,0.00, ,40.00,0.00, ,40.00,0.00, ,40.00,0.00, ,40.00,0.00, ,40.00,0.00, 
0.564993,40.00,0.00, ,40.00,0.00, ,40.00,0.00, ,40.00,0.00, ,40.00,0.00, ,40.00,0.00, ,40.00,0.00, ,40.00,0.00, 
0.576650,40.00,0.00, ,40.00,0.00, ,40.00,0.00, ,40.00,0.00, ,40.00,0.00, ,40.00,0.00, ,40.00,0.00, ,40.00,0.00, 
0.588307,40.00,0.00, ,40.00,0.00, ,40.00,0.00, ,40.00,0.00, ,40.00,0.00, ,40.00,0.00, ,40.00,0.00, ,40.00,0.00, 
0.599964,40.00,0.00, ,40.00,0.00, ,40.00,0.00, ,40.00,0.00, ,40.00,0.00, ,40.00,0.00, ,40.00,0.00, ,40.00,0.00, 
0.611621,40.00,0.00, ,40.00,0.00, ,40.00,0.00, ,40.00,0.00, ,40.00,0.00, ,40.00,0.00, ,40.00,0.00, ,40.00,0.00, 
0.623278,40.00,0.00, ,40.00,0.00, ,40.00,0.00, ,40.00,0.00, ,40.00,0.00, ,40.00,0.00, ,40.00,0.00, ,40.00,0.00, 
0.634935,40.00,0.00, ,40.00,0.00, ,40.00,0.00, ,40.00,0.00, ,40.00,0.00, ,40.00,0.00, ,40.00,0.00, ,40.00,0.00, 
0.646592,40.00,0.00, ,40.00,0.00, ,40.00,0.00, ,40.00,0.00, ,40.00,0.00, ,40.00,0.00, ,40.00,0.00, ,40.00,0.00, 
0.658249,40.00,0.00, ,40.00,0.00, ,40.00,0.00, ,40.00,0.00, ,40.00,0.00, ,40.00,0.00, ,40.00,0.00, ,40.00,0.00, 
0.669906,40.00,0.00, ,40.00,0.00, ,40.00,0.00, ,40.00,0.00, ,40.00,0.00, ,40.00,0.00, ,40.00,0.00, ,40.00,0.00, 
0.681563,40.00,0.00, ,40.00,0.00, ,40.00,0.00, ,40.00,0.00, ,40.00,0.00, ,40.00,0.00, ,40.00,0.00, ,40.00,0.00, 
0.693220,40.00,0.00, ,40.00,0.00, ,40.00,0.00, ,40.00,0.00, ,40.00,0.00, ,40.00,0.00, ,40.00,0.00, ,40.00,0.00, 
0.704877,40.00,0.00, ,40.00,0.00, ,40.00,0.00, ,40.00,0.00, ,40.00,0.00, ,40.00,0.00, ,40.00,0.00, ,40.00,0.00, 
0.716534,40.00,0.00, ,40.00,0.00, ,40.00,0.00, ,40.00,0.00, ,40.00,0.00, ,40.00,0.00, ,40.00,0.00, ,40.00,0.00, 
0.728191,40.00,0.00, ,40.00,0.00, ,40.00,0.00, ,40.00,0.00, ,40.00,0.00, ,40.00,0.00, ,40.00,0.00, ,40.00,0.00, 
0.739848,40.00,0.00, ,40.00,0.00, ,40.00,0.00, ,40.00,0.00, ,40.00,0.00, ,40.00,0.00, ,40.00,0.00, ,40.00,0.00, 
0.751505,40.00,0.00, ,40.00,0.00, ,40.00,0.00, ,40.00,0.00, ,40.00,0.00, ,40.00,0.00, ,40.00,0.00, ,40.00,0.00, 
0.763163,40.00,0.00, ,40.00,0.00, ,40.00,0.00, ,40.00,0.00, ,40.00,0.00, ,40.00,0.00, ,40.00,0.00, ,40.00,0.00, 
0.774820,40.00,0.00, ,40.00,0.00, ,40.00,0.00, ,40.00,0.00, ,40.00,0.00, ,40.00,0.00, ,40.00,0.00, ,40.00,0.00, 
0.786477,40.00,0.00, ,40.00,0.00, ,40.00,0.00, ,40.00,0.00, ,40.00,0.00, ,40.00,0.00, ,40.00,0.00, ,40.00,0.00, 
0.798134,40.00,0.00, ,40.00,0.00, ,40.00,0.00, ,40.00,0.00, ,40.00,0.00, ,40.00,0.00, ,40.00,0.00, ,40.00,0.00, 
0.809791,40.00,0.00, ,40.00,0.00, ,40.00,0.00, ,40.00,0.00, ,40.00,0.00, ,40.00,0.00, ,40.00,0.00, ,40.00,0.00, 
0.821448,40.00,0.00, ,40.00,0.00, ,40.00,0.00, ,40.00,0.00, ,40.00,0.00, ,40.00,0.00, ,40.00,0.00, ,40.00,0.00, 
0.835436,40.00,0.00, ,40.00,0.00, ,40.00,0.00, ,40.00,0.00, ,40.00,0.00, ,40.00,0.00, ,40.00,0.00, ,40.00,0.00, 
0.849425,40.00,0.00, ,40.00,0.00, ,40.00,0.00, ,40.00,0.00, ,40.00,0.00, ,40.00,0.00, ,40.00,0.00, ,40.00,0.00, 
0.863413,40.00,0.00, ,40.00,0.00, ,40.00,0.00, ,40.00,0.00, ,40.00,0.00, ,40.00,0.00, ,40.00,0.00, ,40.00,0.00, 
0.870676,40.00,0.00, ,40.00,0.00, ,40.00,0.00, ,40.00,0.00, ,40.00,0.00, ,40.00,0.00, ,40.00,0.00, ,40.00,0.00, 
0.879028,40.00,0.00, ,40.00,0.00, ,40.00,0.00, ,40.00,0.00, ,40.00,0.00, ,40.00,0.00, ,40.00,0.00, ,40.00,0.00, 
0.888633,40.00,0.00, ,40.00,0.00, ,40.00,0.00, ,40.00,0.00, ,40.00,0.00, ,40.00,0.00, ,40.00,0.00, ,40.00,0.00, 
0.899679,40.00,0.00, ,40.00,0.00, ,40.00,0.00, ,40.00,0.00, ,40.00,0.00, ,40.00,0.00, ,40.00,0.00, ,40.00,0.00, 
0.912382,40.00,0.00, ,40.00,0.00, ,40.00,0.00, ,40.00,0.00, ,40.00,0.00, ,40.00,0.00, ,40.00,0.00, ,40.00,0.00, 
0.926990,40.00,0.00, ,40.00,0.00, ,40.00,0.00, ,40.00,0.00, ,40.00,0.00, ,40.00,0.00, ,40.00,0.00, ,40.00,0.00, 
0.943790,40.00,0.00, ,40.00,0.00, ,40.00,0.00, ,40.00,0.00, ,40.00,0.00, ,40.00,0.00, ,40.00,0.00, ,40.00,0.00, 
0.963109,40.00,0.00, ,40.00,0.00, ,40.00,0.00, ,40.00,0.00, ,40.00,0.00, ,40.00,0.00, ,40.00,0.00, ,40.00,0.00, 
0.985327,40.00,0.00, ,40.00,0.00, ,40.00,0.00, ,40.00,0.00, ,40.00,0.00, ,40.00,0.00, ,40.00,0.00, ,40.00,0.00, 
1.010876,40.00,0.00, ,40.00,0.00, ,40.00,0.00, ,40.00,0.00, ,40.00,0.00, ,40.00,0.00, ,40.00,0.00, ,40.00,0.00, 
1.040259,40.00,0.00, ,40.00,0.00, ,40.00,0.00, ,40.00,0.00, ,40.00,0.00, ,40.00,0.00, ,40.00,0.00, ,40.00,0.00, 
1.074049,40.00,0.00, ,40.00,0.00, ,40.00,0.00, ,40.00,0.00, ,40.00,0.00, ,40.00,0.00, ,40.00,0.00, ,40.00,0.00, 
1.112907,40.00,0.00, ,40.00,0.00, ,40.00,0.00, ,40.00,0.00, ,40.00,0.00, ,40.00,0.00, ,40.00,0.00, ,40.00,0.00, 
1.157594,40.00,0.00, ,40.00,0.00, ,40.00,0.00, ,40.00,0.00, ,40.00,0.00, ,40.00,0.00, ,40.00,0.00, ,40.00,0.00, 
1.208984,40.00,0.00, ,40.00,0.00, ,40.00,0.00, ,40.00,0.00, ,40.00,0.00, ,40.00,0.00, ,40.00,0.00, ,40.00,0.00, 
1.265512,40.00,0.00, ,40.00,0.00, ,40.00,0.00, ,40.00,0.00, ,40.00,0.00, ,40.00,0.00, ,40.00,0.00, ,40.00,0.00, 
1.327694,40.00,0.00, ,40.00,0.00, ,40.00,0.00, ,40.00,0.00, ,40.00,0.00, ,40.00,0.00, ,40.00,0.00, ,40.00,0.00, 
1.396094,40.00,0.00, ,40.00,0.00, ,40.00,0.00, ,40.00,0.00, ,40.00,0.00, ,40.00,0.00, ,40.00,0.00, ,40.00,0.00, 
1.471334,40.00,0.00, ,40.00,0.00, ,40.00,0.00, ,40.00,0.00, ,40.00,0.00, ,40.00,0.00, ,40.00,0.00, ,40.00,0.00, 
1.554098,40.00,0.00, ,40.00,0.00, ,40.00,0.00, ,40.00,0.00, ,40.00,0.00, ,40.00,0.00, ,40.00,0.00, ,40.00,0.00, 
1.645139,40.00,0.00, ,40.00,0.00, ,40.00,0.00, ,40.00,0.00, ,40.00,0.00, ,40.00,0.00, ,40.00,0.00, ,40.00,0.00, 
1.745283,40.00,0.00, ,40.00,0.00, ,40.00,0.00, ,40.00,0.00, ,40.00,0.00, ,40.00,0.00, ,40.00,0.00, ,40.00,0.00, 
1.855442,40.00,0.00, ,40.00,0.00, ,40.00,0.00, ,40.00,0.00, ,40.00,0.00, ,40.00,0.00, ,40.00,0.00, ,40.00,0.00, 
1.976617,40.00,0.00, ,40.00,0.00, ,40.00,0.00, ,40.00,0.00, ,40.00,0.00, ,40.00,0.00, ,40.00,0.00, ,40.00,0.00, 
2.109909,40.00,0.00, ,40.00,0.00, ,40.00,0.00, ,40.00,0.00, ,40.00,0.00, ,40.00,0.00, ,40.00,0.00, ,40.00,0.00, 
2.256531,40.00,0.00, ,40.00,0.00, ,40.00,0.00, ,40.00,0.00, ,40.00,0.00, ,40.00,0.00, ,40.00,0.00, ,40.00,0.00, 
2.417814,40.00,0.00, ,40.00,0.00, ,40.00,0.00, ,40.00,0.00, ,40.00,0.00, ,40.00,0.00, ,40.00,0.00, ,40.00,0.00, 
2.595226,40.00,0.00, ,40.00,0.00, ,40.00,0.00, ,40.00,0.00, ,40.00,0.00, ,40.00,0.00, ,40.00,0.00, ,40.00,0.00, 
2.790380,40.00,0.00, ,40.00,0.00, ,40.00,0.00, ,40.00,0.00, ,40.00,0.00, ,40.00,0.00, ,40.00,0.00, ,40.00,0.00, 
2.990380,40.00,0.00, ,40.00,0.00, ,40.00,0.00, ,40.00,0.00, ,40.00,0.00, ,40.00,0.00, ,40.00,0.00, ,40.00,0.00, 
3.190380,40.00,0.00, ,40.00,0.00, ,40.00,0.00, ,40.00,0.00, ,40.00,0.00, ,40.00,0.00, ,40.00,0.00, ,40.00,0.00, 
3.390380,40.00,0.00, ,40.00,0.00, ,40.00,0.00, ,40.00,0.00, ,40.00,0.00, ,40.00,0.00, ,40.00,0.00, ,40.00,0.00, 
3.590380,40.00,0.00, ,40.00,0.00, ,40.00,0.00, ,40.00,0.00, ,40.00,0.00, ,40.00,0.00, ,40.00,0.00, ,40.00,0.00, 
3.790380,40.00,0.00, ,40.00,0.00, ,40.00,0.00, ,40.00,0.00, ,40.00,0.00, ,40.00,0.00, ,40.00,0.00, ,40.00,0.00, 
3.990380,40.00,0.00, ,40.00,0.00, ,40.00,0.00, ,40.00,0.00, ,40.00,0.00, ,40.00,0.00, ,40.00,0.00, ,40.00,0.00, 
4.190380,40.00,0.00, ,40.00,0.00, ,40.00,0.00, ,40.00,0.00, ,40.00,0.00, ,40.00,0.00, ,40.00,0.00, ,40.00,0.00, 
4.390380,40.00,0.00, ,40.00,0.00, ,40.00,0.00, ,40.00,0.00, ,40.00,0.00, ,40.00,0.00, ,40.00,0.00, ,40.00,0.00, 
4.590380,40.00,0.00, ,40.00,0.00, ,40.00,0.00, ,40.00,0.00, ,40.00,0.00, ,40.00,0.00, ,40.00,0.00, ,40.00,0.00, 
4.790380,40.00,0.00, ,40.00,0.00, ,40.00,0.00, ,40.00,0.00, ,40.00,0.00, ,40.00,0.00, ,40.00,0.00, ,40.00,0.00, 
4.990380,40.00,0.00, ,40.00,0.00, ,40.00,0.00, ,40.00,0.00, ,40.00,0.00, ,40.00,0.00, ,40.00,0.00, ,40.00,0.00, 
5.190380,40.00,0.00, ,40.00,0.00, ,40.00,0.00, ,40.00,0.00, ,40.00,0.00, ,40.00,0.00, ,40.00,0.00, ,40.00,0.00, 
5.390380,40.00,0.00, ,40.00,0.00, ,40.00,0.00, ,40.00,0.00, ,40.00,0.00, ,40.00,0.00, ,40.00,0.00, ,40.00,0.00, 
5.590380,40.00,0.00, ,40.00,0.00, ,40.00,0.00, ,40.00,0.00, ,40.00,0.00, ,40.00,0.00, ,40.00,0.00, ,40.00,0.00, 
5.790380,40.00,0.00, ,40.00,0.00, ,40.00,0.00, ,40.00,0.00, ,40.00,0.00, ,40.00,0.00, ,40.00,0.00, ,40.00,0.00, 
5.990380,40.00,0.00, ,40.00,0.00, ,40.00,0.00, ,40.00,0.00, ,40.00,0.00, ,40.00,0.00, ,40.00,0.00, ,40.00,0.00, 
6.190380,40.00,0.00, ,40.00,0.00, ,40.00,0.00, ,40.00,0.00, ,40.00,0.00, ,40.00,0.00, ,40.00,0.00, ,40.00,0.00, 
6.390380,40.00,0.00, ,40.00,0.00, ,40.00,0.00, ,40.00,0.00, ,40.00,0.00, ,40.00,0.00, ,40.00,0.00, ,40.00,0.00, 
6.590380,40.00,0.00, ,40.00,0.00, ,40.00,0.00, ,40.00,0.00, ,40.00,0.00, ,40.00,0.00, ,40.00,0.00, ,40.00,0.00, 
6.790380,40.00,0.00, ,40.00,0.00, ,40.00,0.00, ,40.00,0.00, ,40.00,0.00, ,40.00,0.00, ,40.00,0.00, ,40.00,0.00, 
6.990380,40.00,0.00, ,40.00,0.00, ,40.00,0.00, ,40.00,0.00, ,40.00,0.00, ,40.00,0.00, ,40.00,0.00, ,40.00,0.00, 
7.190380,40.00,0.00, ,40.00,0.00, ,40.00,0.00, ,40.00,0.00, ,40.00,0.00, ,40.00,0.00, ,40.00,0.00, ,40.00,0.00, 
7.390380,40.00,0.00, ,40.00,0.00, ,40.00,0.00, ,40.00,0.00, ,40.00,0.00, ,40.00,0.00, ,40.00,0.00, ,40.00,0.00, 
7.590380,40.00,0.00, ,40.00,0.00, ,40.00,0.00, ,40.00,0.00, ,40.00,0.00, ,40.00,0.00, ,40.00,0.00, ,40.00,0.00, 
7.790380,40.00,0.00, ,40.00,0.00, ,40.00,0.00, ,40.00,0.00, ,40.00,0.00, ,40.00,0.00, ,40.00,0.00, ,40.00,0.00, 
7.990380,40.00,0.00, ,40.00,0.00, ,40.00,0.00, ,40.00,0.00, ,40.00,0.00, ,40.00,0.00, ,40.00,0.00, ,40.00,0.00, 
8.190380,40.00,0.00, ,40.00,0.00, ,40.00,0.00, ,40.00,0.00, ,40.00,0.00, ,40.00,0.00, ,40.00,0.00, ,40.00,0.00, 
8.366380,40.00,0.00, ,40.00,0.00, ,40.00,0.00, ,40.00,0.00, ,40.00,0.00, ,40.00,0.00, ,40.00,0.00, ,40.00,0.00, 
8.490284,40.00,0.00, ,40.00,0.00, ,40.00,0.00, ,40.00,0.00, ,40.00,0.00, ,40.00,0.00, ,40.00,0.00, ,40.00,0.00, 
8.599319,40.00,0.00, ,40.00,0.00, ,40.00,0.00, ,40.00,0.00, ,40.00,0.00, ,40.00,0.00, ,40.00,0.00, ,40.00,0.00, 
8.695270,40.00,0.00, ,40.00,0.00, ,40.00,0.00, ,40.00,0.00, ,40.00,0.00, ,40.00,0.00, ,40.00,0.00, ,40.00,0.00, 
8.779707,40.00,0.00, ,40.00,0.00, ,40.00,0.00, ,40.00,0.00, ,40.00,0.00, ,40.00,0.00, ,40.00,0.00, ,40.00,0.00, 
8.839151,40.00,0.00, ,40.00,0.00, ,40.00,0.00, ,40.00,0.00, ,40.00,0.00, ,40.00,0.00, ,40.00,0.00, ,40.00,0.00, 
8.894151,40.00,0.00, ,40.00,0.00, ,40.00,0.00, ,40.00,0.00, ,40.00,0.00, ,40.00,0.00, ,40.00,0.00, ,40.00,0.00, 
8.949151,40.00,0.00, ,40.00,0.00, ,40.00,0.00, ,40.00,0.00, ,40.00,0.00, ,40.00,0.00, ,40.00,0.00, ,40.00,0.00, 
9.004151,40.00,0.00, ,40.00,0.00, ,40.00,0.00, ,40.00,0.00, ,40.00,0.00, ,40.00,0.00, ,40.00,0.00, ,40.00,0.00, 
9.059151,40.00,0.00, ,40.00,0.00, ,40.00,0.00, ,40.00,0.00, ,40.00,0.00, ,40.00,0.00, ,40.00,0.00, ,40.00,0.00, 
9.114151,40.00,0.00, ,40.00,0.00, ,40.00,0.00, ,40.00,0.00, ,40.00,0.00, ,40.00,0.00, ,40.00,0.00, ,40.00,0.00, 
9.169151,40.00,0.00, ,40.00,0.00, ,40.00,0.00, ,40.00,0.00, ,40.00,0.00, ,40.00,0.00, ,40.00,0.00, ,40.00,0.00, 
9.197901,40.00,0.00, ,40.00,0.00, ,40.00,0.00, ,40.00,0.00, ,40.00,0.00, ,40.00,0.00, ,40.00,0.00, ,40.00,0.00, 
9.230964,40.00,0.00, ,40.00,0.00, ,40.00,0.00, ,40.00,0.00, ,40.00,0.00, ,40.00,0.00, ,40.00,0.00, ,40.00,0.00, 
9.268985,40.00,0.00, ,40.00,0.00, ,40.00,0.00, ,40.00,0.00, ,40.00,0.00, ,40.00,0.00, ,40.00,0.00, ,40.00,0.00, 
9.312711,40.00,0.00, ,40.00,0.00, ,40.00,0.00, ,40.00,0.00, ,40.00,0.00, ,40.00,0.00, ,40.00,0.00, ,40.00,0.00, 
9.362995,40.00,0.00, ,40.00,0.00, ,40.00,0.00, ,40.00,0.00, ,40.00,0.00, ,40.00,0.00, ,40.00,0.00, ,40.00,0.00, 
9.418307,40.00,0.00, ,40.00,0.00, ,40.00,0.00, ,40.00,0.00, ,40.00,0.00, ,40.00,0.00, ,40.00,0.00, ,40.00,0.00, 
9.479150,40.00,0.00, ,40.00,0.00, ,40.00,0.00, ,40.00,0.00, ,40.00,0.00, ,40.00,0.00, ,40.00,0.00, ,40.00,0.00, 
9.546078,40.00,0.00, ,40.00,0.00, ,40.00,0.00, ,40.00,0.00, ,40.00,0.00, ,40.00,0.00, ,40.00,0.00, ,40.00,0.00, 
9.619699,40.00,0.00, ,40.00,0.00, ,40.00,0.00, ,40.00,0.00, ,40.00,0.00, ,40.00,0.00, ,40.00,0.00, ,40.00,0.00, 
9.700682,40.00,0.00, ,40.00,0.00, ,40.00,0.00, ,40.00,0.00, ,40.00,0.00, ,40.00,0.00, ,40.00,0.00, ,40.00,0.00, 
9.789763,40.00,0.00, ,40.00,0.00, ,40.00,0.00, ,40.00,0.00, ,40.00,0.00, ,40.00,0.00, ,40.00,0.00, ,40.00,0.00, 
9.887752,40.00,0.00, ,40.00,0.00, ,40.00,0.00, ,40.00,0.00, ,40.00,0.00, ,40.00,0.00, ,40.00,0.00, ,40.00,0.00, 
9.995540,40.00,0.00, ,40.00,0.00, ,40.00,0.00, ,40.00,0.00, ,40.00,0.00, ,40.00,0.00, ,40.00,0.00, ,40.00,0.00, 
10.114107,40.00,0.00, ,40.00,0.00, ,40.00,0.00, ,40.00,0.00, ,40.00,0.00, ,40.00,0.00, ,40.00,0.00, ,40.00,0.00, 
10.244531,40.00,0.00, ,40.00,0.00, ,40.00,0.00, ,40.00,0.00, ,40.00,0.00, ,40.00,0.00, ,40.00,0.00, ,40.00,0.00, 
10.387996,40.00,0.00, ,40.00,0.00, ,40.00,0.00, ,40.00,0.00, ,40.00,0.00, ,40.00,0.00, ,40.00,0.00, ,40.00,0.00, 
10.545809,40.00,0.00, ,40.00,0.00, ,40.00,0.00, ,40.00,0.00, ,40.00,0.00, ,40.00,0.00, ,40.00,0.00, ,40.00,0.00, 
10.719403,40.00,0.00, ,40.00,0.00, ,40.00,0.00, ,40.00,0.00, ,40.00,0.00, ,40.00,0.00, ,40.00,0.00, ,40.00,0.00, 
10.910356,40.00,0.00, ,40.00,0.00, ,40.00,0.00, ,40.00,0.00, ,40.00,0.00, ,40.00,0.00, ,40.00,0.00, ,40.00,0.00, 
11.110356,40.00,0.00, ,40.00,0.00, ,40.00,0.00, ,40.00,0.00, ,40.00,0.00, ,40.00,0.00, ,40.00,0.00, ,40.00,0.00, 
11.310356,40.00,0.00, ,40.00,0.00, ,40.00,0.00, ,40.00,0.00, ,40.00,0.00, ,40.00,0.00, ,40.00,0.00, ,40.00,0.00, 
11.510356,40.00,0.00, ,40.00,0.00, ,40.00,0.00, ,40.00,0.00, ,40.00,0.00, ,40.00,0.00, ,40.00,0.00, ,40.00,0.00, 
11.710356,40.00,0.00, ,40.00,0.00, ,40.00,0.00, ,40.00,0.00, ,40.00,0.00, ,40.00,0.00, ,40.00,0.00, ,40.00,0.00, 
11.910356,40.00,0.00, ,40.00,0.00, ,40.00,0.00, ,40.00,0.00, ,40.00,0.00, ,40.00,0.00, ,40.00,0.00, ,40.00,0.00, 
12.110356,40.00,0.00, ,40.00,0.00, ,40.00,0.00, ,40.00,0.00, ,40.00,0.00, ,40.00,0.00, ,40.00,0.00, ,40.00,0.00, 
12.310356,40.00,0.00, ,40.00,0.00, ,40.00,0.00, ,40.00,0.00, ,40.00,0.00, ,40.00,0.00, ,40.00,0.00, ,40.00,0.00, 
12.510356,40.00,0.00, ,40.00,0.00, ,40.00,0.00, ,40.00,0.00, ,40.00,0.00, ,40.00,0.00, ,40.00,0.00, ,40.00,0.00, 
12.710356,40.00,0.00, ,40.00,0.00, ,40.00,0.00, ,40.00,0.00, ,40.00,0.00, ,40.00,0.00, ,40.00,0.00, ,40.00,0.00, 
12.910356,40.00,0.00, ,40.00,0.00, ,40.00,0.00, ,40.00,0.00, ,40.00,0.00, ,40.00,0.00, ,40.00,0.00, ,40.00,0.00, 
13.110356,40.00,0.00, ,40.00,0.00, ,40.00,0.00, ,40.00,0.00, ,40.00,0.00, ,40.00,0.00, ,40.00,0.00, ,40.00,0.00, 
13.310356,40.00,0.00, ,40.00,0.00, ,40.00,0.00, ,40.00,0.00, ,40.00,0.00, ,40.00,0.00, ,40.00,0.00, ,40.00,0.00, 
13.510356,40.00,0.00, ,40.00,0.00, ,40.00,0.00, ,40.00,0.00, ,40.00,0.00, ,40.00,0.00, ,40.00,0.00, ,40.00,0.00, 
13.710356,40.00,0.00, ,40.00,0.00, ,40.00,0.00, ,40.00,0.00, ,40.00,0.00, ,40.00,0.00, ,40.00,0.00, ,40.00,0.00, 
13.910356,40.00,0.00, ,40.00,0.00, ,40.00,0.00, ,40.00,0.00, ,40.00,0.00, ,40.00,0.00, ,40.00,0.00, ,40.00,0.00, 
14.110356,40.00,0.00, ,40.00,0.00, ,40.00,0.00, ,40.00,0.00, ,40.00,0.00, ,40.00,0.00, ,40.00,0.00, ,40.00,0.00, 
14.310356,40.00,0.00, ,40.00,0.00, ,40.00,0.00, ,40.00,0.00, ,40.00,0.00, ,40.00,0.00, ,40.00,0.00, ,40.00,0.00, 
14.510356,40.00,0.00, ,40.00,0.00, ,40.00,0.00, ,40.00,0.00, ,40.00,0.00, ,40.00,0.00, ,40.00,0.00, ,40.00,0.00, 
14.710356,40.00,0.00, ,40.00,0.00, ,40.00,0.00, ,40.00,0.00, ,40.00,0.00, ,40.00,0.00, ,40.00,0.00, ,40.00,0.00, 
14.910356,40.00,0.00, ,40.00,0.00, ,40.00,0.00, ,40.00,0.00, ,40.00,0.00, ,40.00,0.00, ,40.00,0.00, ,40.00,0.00, 
15.110356,40.00,0.00, ,40.00,0.00, ,40.00,0.00, ,40.00,0.00, ,40.00,0.00, ,40.00,0.00, ,40.00,0.00, ,40.00,0.00, 
15.310356,40.00,0.00, ,40.00,0.00, ,40.00,0.00, ,40.00,0.00, ,40.00,0.00, ,40.00,0.00, ,40.00,0.00, ,40.00,0.00, 
15.510356,40.00,0.00, ,40.00,0.00, ,40.00,0.00, ,40.00,0.00, ,40.00,0.00, ,40.00,0.00, ,40.00,0.00, ,40.00,0.00, 
15.710356,40.00,0.00, ,40.00,0.00, ,40.00,0.00, ,40.00,0.00, ,40.00,0.00, ,40.00,0.00, ,40.00,0.00, ,40.00,0.00, 
15.910356,40.00,0.00, ,40.00,0.00, ,40.00,0.00, ,40.00,0.00, ,40.00,0.00, ,40.00,0.00, ,40.00,0.00, ,40.00,0.00, 
16.110356,40.00,0.00, ,40.00,0.00, ,40.00,0.00, ,40.00,0.00, ,40.00,0.00, ,40.00,0.00, ,40.00,0.00, ,40.00,0.00, 
16.310356,40.00,0.00, ,40.00,0.00, ,40.00,0.00, ,40.00,0.00, ,40.00,0.00, ,40.00,0.00, ,40.00,0.00, ,40.00,0.00, 
16.510356,40.00,0.00, ,40.00,0.00, ,40.00,0.00, ,40.00,0.00, ,40.00,0.00, ,40.00,0.00, ,40.00,0.00, ,40.00,0.00, 
16.710356,40.00,0.00, ,40.00,0.00, ,40.00,0.00, ,40.00,0.00, ,40.00,0.00, ,40.00,0.00, ,40.00,0.00, ,40.00,0.00, 
16.910356,40.00,0.00, ,40.00,0.00, ,40.00,0.00, ,40.00,0.00, ,40.00,0.00, ,40.00,0.00, ,40.00,0.00, ,40.00,0.00, 
17.110356,40.00,0.00, ,40.00,0.00, ,40.00,0.00, ,40.00,0.00, ,40.00,0.00, ,40.00,0.00, ,40.00,0.00, ,40.00,0.00, 
17.310356,40.00,0.00, ,40.00,0.00, ,40.00,0.00, ,40.00,0.00, ,40.00,0.00, ,40.00,0.00, ,40.00,0.00, ,40.00,0.00, 
17.510356,40.00,0.00, ,40.00,0.00, ,40.00,0.00, ,40.00,0.00, ,40.00,0.00, ,40.00,0.00, ,40.00,0.00, ,40.00,0.00, 
17.710356,40.00,0.00, ,40.00,0.00, ,40.00,0.00, ,40.00,0.00, ,40.00,0.00, ,40.00,0.00, ,40.00,0.00, ,40.00,0.00, 
17.910356,40.00,0.00, ,40.00,0.00, ,40.00,0.00, ,40.00,0.00, ,40.00,0.00, ,40.00,0.00, ,40.00,0.00, ,40.00,0.00, 
18.110356,40.00,0.00, ,40.00,0.00, ,40.00,0.00, ,40.00,0.00, ,40.00,0.00, ,40.00,0.00, ,40.00,0.00, ,40.00,0.00, 
18.310356,40.00,0.00, ,40.00,0.00, ,40.00,0.00, ,40.00,0.00, ,40.00,0.00, ,40.00,0.00, ,40.00,0.00, ,40.00,0.00, 
18.510356,40.00,0.00, ,40.00,0.00, ,40.00,0.00, ,40.00,0.00, ,40.00,0.00, ,40.00,0.00, ,40.00,0.00, ,40.00,0.00, 
18.710356,40.00,0.00, ,40.00,0.00, ,40.00,0.00, ,40.00,0.00, ,40.00,0.00, ,40.00,0.00, ,40.00,0.00, ,40.00,0.00, 
18.910356,40.00,0.00, ,40.00,0.00, ,40.00,0.00, ,40.00,0.00, ,40.00,0.00, ,40.00,0.00, ,40.00,0.00, ,40.00,0.00, 
19.110356,40.00,0.00, ,40.00,0.00, ,40.00,0.00, ,40.00,0.00, ,40.00,0.00, ,40.00,0.00, ,40.00,0.00, ,40.00,0.00, 
19.310356,40.00,0.00, ,40.00,0.00, ,40.00,0.00, ,40.00,0.00, ,40.00,0.00, ,40.00,0.00, ,40.00,0.00, ,40.00,0.00, 
19.510356,40.00,0.00, ,40.00,0.00, ,40.00,0.00, ,40.00,0.00, ,40.00,0.00, ,40.00,0.00, ,40.00,0.00, ,40.00,0.00, 
19.710356,40.00,0.00, ,40.00,0.00, ,40.00,0.00, ,40.00,0.00, ,40.00,0.00, ,40.00,0.00, ,40.00,0.00, ,40.00,0.00, 
19.910356,40.00,0.00, ,40.00,0.00, ,40.00,0.00, ,40.00,0.00, ,40.00,0.00, ,40.00,0.00, ,40.00,0.00, ,40.00,0.00, 
20.110356,40.00,0.00, ,40.00,0.00, ,40.00,0.00, ,40.00,0.00, ,40.00,0.00, ,40.00,0.00, ,40.00,0.00, ,40.00,0.00, 
20.310356,40.00,0.00, ,40.00,0.00, ,40.00,0.00, ,40.00,0.00, ,40.00,0.00, ,40.00,0.00, ,40.00,0.00, ,40.00,0.00, 
20.510356,40.00,0.00, ,40.00,0.00, ,40.00,0.00, ,40.00,0.00, ,40.00,0.00, ,40.00,0.00, ,40.00,0.00, ,40.00,0.00, 
20.710356,40.00,0.00, ,40.00,0.00, ,40.00,0.00, ,40.00,0.00, ,40.00,0.00, ,40.00,0.00, ,40.00,0.00, ,40.00,0.00, 
20.910356,40.00,0.00, ,40.00,0.00, ,40.00,0.00, ,40.00,0.00, ,40.00,0.00, ,40.00,0.00, ,40.00,0.00, ,40.00,0.00, 
21.110356,40.00,0.00, ,40.00,0.00, ,40.00,0.00, ,40.00,0.00, ,40.00,0.00, ,40.00,0.00, ,40.00,0.00, ,40.00,0.00, 
21.310356,40.00,0.00, ,40.00,0.00, ,40.00,0.00, ,40.00,0.00, ,40.00,0.00, ,40.00,0.00, ,40.00,0.00, ,40.00,0.00, 
21.510356,40.00,0.00, ,40.00,0.00, ,40.00,0.00, ,40.00,0.00, ,40.00,0.00, ,40.00,0.00, ,40.00,0.00, ,40.00,0.00, 
21.710356,40.00,0.00, ,40.00,0.00, ,40.00,0.00, ,40.00,0.00, ,40.00,0.00, ,40.00,0.00, ,40.00,0.00, ,40.00,0.00, 
21.910356,40.00,0.00, ,40.00,0.00, ,40.00,0.00, ,40.00,0.00, ,40.00,0.00, ,40.00,0.00, ,40.00,0.00, ,40.00,0.00, 
21.914861,40.00,0.00, ,40.00,0.00, ,40.00,0.00, ,40.00,0.00, ,40.00,0.00, ,40.00,0.00, ,40.00,0.00, ,40.00,0.00, 
21.923872,40.00,0.00, ,40.00,0.00, ,40.00,0.00, ,40.00,0.00, ,40.00,0.00, ,40.00,0.00, ,40.00,0.00, ,40.00,0.00, 
21.941894,40.00,0.00, ,40.00,0.00, ,40.00,0.00, ,40.00,0.00, ,40.00,0.00, ,40.00,0.00, ,40.00,0.00, ,40.00,0.00, 
21.977937,40.00,0.00, ,40.00,0.00, ,40.00,0.00, ,40.00,0.00, ,40.00,0.00, ,40.00,0.00, ,40.00,0.00, ,40.00,0.00, 
22.050024,40.00,0.00, ,40.00,0.00, ,40.00,0.00, ,40.00,0.00, ,40.00,0.00, ,40.00,0.00, ,40.00,0.00, ,40.00,0.00, 
22.194197,40.00,0.00, ,40.00,0.00, ,40.00,0.00, ,40.00,0.00, ,40.00,0.00, ,40.00,0.00, ,40.00,0.00, ,40.00,0.00, 
22.482543,40.00,0.00, ,40.00,0.00, ,40.00,0.00, ,40.00,0.00, ,40.00,0.00, ,40.00,0.00, ,40.00,0.00, ,40.00,0.00, 
23.059235,40.00,0.00, ,40.00,0.00, ,40.00,0.00, ,40.00,0.00, ,40.00,0.00, ,40.00,0.00, ,40.00,0.00, ,40.00,0.00, 
24.059235,40.00,0.00, ,40.00,0.00, ,40.00,0.00, ,40.00,0.00, ,40.00,0.00, ,40.00,0.00, ,40.00,0.00, ,40.00,0.00, 
25.059235,40.00,0.00, ,40.00,0.00, ,40.00,0.00, ,40.00,0.00, ,40.00,0.00, ,40.00,0.00, ,40.00,0.00, ,40.00,0.00, 
26.059235,40.00,0.00, ,40.00,0.00, ,40.00,0.00, ,40.00,0.00, ,40.00,0.00, ,40.00,0.00, ,40.00,0.00, ,40.00,0.00, 
27.059235,40.00,0.00, ,40.00,0.00, ,40.00,0.00, ,40.00,0.00, ,40.00,0.00, ,40.00,0.00, ,40.00,0.00, ,40.00,0.00, 
27.902166,40.00,0.00, ,40.00,0.00, ,40.00,0.00, ,40.00,0.00, ,40.00,0.00, ,40.00,0.00, ,40.00,0.00, ,40.00,0.00, 
27.903428,40.00,0.00, ,40.00,0.00, ,40.00,0.00, ,40.00,0.00, ,40.00,0.00, ,40.00,0.00, ,40.00,0.00, ,40.00,0.00, 
27.904943,40.00,0.00, ,40.00,0.00, ,40.00,0.00, ,40.00,0.00, ,40.00,0.00, ,40.00,0.00, ,40.00,0.00, ,40.00,0.00, 
27.906760,40.00,0.00, ,40.00,0.00, ,40.00,0.00, ,40.00,0.00, ,40.00,0.00, ,40.00,0.00, ,40.00,0.00, ,40.00,0.00, 
27.908941,40.00,0.00, ,40.00,0.00, ,40.00,0.00, ,40.00,0.00, ,40.00,0.00, ,40.00,0.00, ,40.00,0.00, ,40.00,0.00, 
27.911558,40.00,0.00, ,40.00,0.00, ,40.00,0.00, ,40.00,0.00, ,40.00,0.00, ,40.00,0.00, ,40.00,0.00, ,40.00,0.00, 
27.914698,40.00,0.00, ,40.00,0.00, ,40.00,0.00, ,40.00,0.00, ,40.00,0.00, ,40.00,0.00, ,40.00,0.00, ,40.00,0.00, 
27.918467,40.00,0.00, ,40.00,0.00, ,40.00,0.00, ,40.00,0.00, ,40.00,0.00, ,40.00,0.00, ,40.00,0.00, ,40.00,0.00, 
27.922989,40.00,0.00, ,40.00,0.00, ,40.00,0.00, ,40.00,0.00, ,40.00,0.00, ,40.00,0.00, ,40.00,0.00, ,40.00,0.00, 
27.928416,40.00,0.00, ,40.00,0.00, ,40.00,0.00, ,40.00,0.00, ,40.00,0.00, ,40.00,0.00, ,40.00,0.00, ,40.00,0.00, 
27.933842,40.00,0.00, ,40.00,0.00, ,40.00,0.00, ,40.00,0.00, ,40.00,0.00, ,40.00,0.00, ,40.00,0.00, ,40.00,0.00, 
27.938183,40.00,0.00, ,40.00,0.00, ,40.00,0.00, ,40.00,0.00, ,40.00,0.00, ,40.00,0.00, ,40.00,0.00, ,40.00,0.00, 
27.941656,40.00,0.00, ,40.00,0.00, ,40.00,0.00, ,40.00,0.00, ,40.00,0.00, ,40.00,0.00, ,40.00,0.00, ,40.00,0.00, 
27.944435,40.00,0.00, ,40.00,0.00, ,40.00,0.00, ,40.00,0.00, ,40.00,0.00, ,40.00,0.00, ,40.00,0.00, ,40.00,0.00, 
27.947213,40.00,0.00, ,40.00,0.00, ,40.00,0.00, ,40.00,0.00, ,40.00,0.00, ,40.00,0.00, ,40.00,0.00, ,40.00,0.00, 
27.949436,40.00,0.00, ,40.00,0.00, ,40.00,0.00, ,40.00,0.00, ,40.00,0.00, ,40.00,0.00, ,40.00,0.00, ,40.00,0.00, 
27.951214,40.00,0.00, ,40.00,0.00, ,40.00,0.00, ,40.00,0.00, ,40.00,0.00, ,40.00,0.00, ,40.00,0.00, ,40.00,0.00, 
27.952637,40.00,0.00, ,40.00,0.00, ,40.00,0.00, ,40.00,0.00, ,40.00,0.00, ,40.00,0.00, ,40.00,0.00, ,40.00,0.00, 
27.953775,40.00,0.00, ,40.00,0.00, ,40.00,0.00, ,40.00,0.00, ,40.00,0.00, ,40.00,0.00, ,40.00,0.00, ,40.00,0.00, 
27.954685,40.00,0.00, ,40.00,0.00, ,40.00,0.00, ,40.00,0.00, ,40.00,0.00, ,40.00,0.00, ,40.00,0.00, ,40.00,0.00, 
27.955414,40.00,0.00, ,40.00,0.00, ,40.00,0.00, ,40.00,0.00, ,40.00,0.00, ,40.00,0.00, ,40.00,0.00, ,40.00,0.00, 
27.956142,40.00,0.00, ,40.00,0.00, ,40.00,0.00, ,40.00,0.00, ,40.00,0.00, ,40.00,0.00, ,40.00,0.00, ,40.00,0.00, 
27.956725,40.00,0.00, ,40.00,0.00, ,40.00,0.00, ,40.00,0.00, ,40.00,0.00, ,40.00,0.00, ,40.00,0.00, ,40.00,0.00, 
27.957191,40.00,0.00, ,40.00,0.00, ,40.00,0.00, ,40.00,0.00, ,40.00,0.00, ,40.00,0.00, ,40.00,0.00, ,40.00,0.00, 
27.957564,40.00,0.00, ,40.00,0.00, ,40.00,0.00, ,40.00,0.00, ,40.00,0.00, ,40.00,0.00, ,40.00,0.00, ,40.00,0.00, 
27.957862,40.00,0.00, ,40.00,0.00, ,40.00,0.00, ,40.00,0.00, ,40.00,0.00, ,40.00,0.00, ,40.00,0.00, ,40.00,0.00, 
27.958101,40.00,0.00, ,40.00,0.00, ,40.00,0.00, ,40.00,0.00, ,40.00,0.00, ,40.00,0.00, ,40.00,0.00, ,40.00,0.00, 
27.958292,40.00,0.00, ,40.00,0.00, ,40.00,0.00, ,40.00,0.00, ,40.00,0.00, ,40.00,0.00, ,40.00,0.00, ,40.00,0.00, 
27.958482,40.00,0.00, ,40.00,0.00, ,40.00,0.00, ,40.00,0.00, ,40.00,0.00, ,40.00,0.00, ,40.00,0.00, ,40.00,0.00, 
27.958673,40.00,0.00, ,40.00,0.00, ,40.00,0.00, ,40.00,0.00, ,40.00,0.00, ,40.00,0.00, ,40.00,0.00, ,40.00,0.00, 
27.958864,40.00,0.00, ,40.00,0.00, ,40.00,0.00, ,40.00,0.00, ,40.00,0.00, ,40.00,0.00, ,40.00,0.00, ,40.00,0.00, 
27.959055,40.00,0.00, ,40.00,0.00, ,40.00,0.00, ,40.00,0.00, ,40.00,0.00, ,40.00,0.00, ,40.00,0.00, ,40.00,0.00, 
27.959246,40.00,0.00, ,40.00,0.00, ,40.00,0.00, ,40.00,0.00, ,40.00,0.00, ,40.00,0.00, ,40.00,0.00, ,40.00,0.00, 
27.959475,40.00,0.00, ,40.00,0.00, ,40.00,0.00, ,40.00,0.00, ,40.00,0.00, ,40.00,0.00, ,40.00,0.00, ,40.00,0.00, 
27.959750,40.00,0.00, ,40.00,0.00, ,40.00,0.00, ,40.00,0.00, ,40.00,0.00, ,40.00,0.00, ,40.00,0.00, ,40.00,0.00, 
27.960025,40.00,0.00, ,40.00,0.00, ,40.00,0.00, ,40.00,0.00, ,40.00,0.00, ,40.00,0.00, ,40.00,0.00, ,40.00,0.00, 
27.960355,40.00,0.00, ,40.00,0.00, ,40.00,0.00, ,40.00,0.00, ,40.00,0.00, ,40.00,0.00, ,40.00,0.00, ,40.00,0.00, 
27.960685,40.00,0.00, ,40.00,0.00, ,40.00,0.00, ,40.00,0.00, ,40.00,0.00, ,40.00,0.00, ,40.00,0.00, ,40.00,0.00, 
27.961015,40.00,0.00, ,40.00,0.00, ,40.00,0.00, ,40.00,0.00, ,40.00,0.00, ,40.00,0.00, ,40.00,0.00, ,40.00,0.00, 
27.961411,40.00,0.00, ,40.00,0.00, ,40.00,0.00, ,40.00,0.00, ,40.00,0.00, ,40.00,0.00, ,40.00,0.00, ,40.00,0.00, 
27.961886,40.00,0.00, ,40.00,0.00, ,40.00,0.00, ,40.00,0.00, ,40.00,0.00, ,40.00,0.00, ,40.00,0.00, ,40.00,0.00, 
27.962456,40.00,0.00, ,40.00,0.00, ,40.00,0.00, ,40.00,0.00, ,40.00,0.00, ,40.00,0.00, ,40.00,0.00, ,40.00,0.00, 
27.963026,40.00,0.00, ,40.00,0.00, ,40.00,0.00, ,40.00,0.00, ,40.00,0.00, ,40.00,0.00, ,40.00,0.00, ,40.00,0.00, 
27.963596,40.00,0.00, ,40.00,0.00, ,40.00,0.00, ,40.00,0.00, ,40.00,0.00, ,40.00,0.00, ,40.00,0.00, ,40.00,0.00, 
27.964166,40.00,0.00, ,40.00,0.00, ,40.00,0.00, ,40.00,0.00, ,40.00,0.00, ,40.00,0.00, ,40.00,0.00, ,40.00,0.00, 
27.964737,40.00,0.00, ,40.00,0.00, ,40.00,0.00, ,40.00,0.00, ,40.00,0.00, ,40.00,0.00, ,40.00,0.00, ,40.00,0.00, 
27.965307,40.00,0.00, ,40.00,0.00, ,40.00,0.00, ,40.00,0.00, ,40.00,0.00, ,40.00,0.00, ,40.00,0.00, ,40.00,0.00, 
27.965877,40.00,0.00, ,40.00,0.00, ,40.00,0.00, ,40.00,0.00, ,40.00,0.00, ,40.00,0.00, ,40.00,0.00, ,40.00,0.00, 
27.966447,40.00,0.00, ,40.00,0.00, ,40.00,0.00, ,40.00,0.00, ,40.00,0.00, ,40.00,0.00, ,40.00,0.00, ,40.00,0.00, 
27.967017,40.00,0.00, ,40.00,0.00, ,40.00,0.00, ,40.00,0.00, ,40.00,0.00, ,40.00,0.00, ,40.00,0.00, ,40.00,0.00, 
27.967587,40.00,0.00, ,40.00,0.00, ,40.00,0.00, ,40.00,0.00, ,40.00,0.00, ,40.00,0.00, ,40.00,0.00, ,40.00,0.00, 
27.968157,40.00,0.00, ,40.00,0.00, ,40.00,0.00, ,40.00,0.00, ,40.00,0.00, ,40.00,0.00, ,40.00,0.00, ,40.00,0.00, 
27.968727,40.00,0.00, ,40.00,0.00, ,40.00,0.00, ,40.00,0.00, ,40.00,0.00, ,40.00,0.00, ,40.00,0.00, ,40.00,0.00, 
27.969298,40.00,0.00, ,40.00,0.00, ,40.00,0.00, ,40.00,0.00, ,40.00,0.00, ,40.00,0.00, ,40.00,0.00, ,40.00,0.00, 
27.969868,40.00,0.00, ,40.00,0.00, ,40.00,0.00, ,40.00,0.00, ,40.00,0.00, ,40.00,0.00, ,40.00,0.00, ,40.00,0.00, 
27.970438,40.00,0.00, ,40.00,0.00, ,40.00,0.00, ,40.00,0.00, ,40.00,0.00, ,40.00,0.00, ,40.00,0.00, ,40.00,0.00, 
27.971008,40.00,0.00, ,40.00,0.00, ,40.00,0.00, ,40.00,0.00, ,40.00,0.00, ,40.00,0.00, ,40.00,0.00, ,40.00,0.00, 
27.971578,40.00,0.00, ,40.00,0.00, ,40.00,0.00, ,40.00,0.00, ,40.00,0.00, ,40.00,0.00, ,40.00,0.00, ,40.00,0.00, 
27.972148,40.00,0.00, ,40.00,0.00, ,40.00,0.00, ,40.00,0.00, ,40.00,0.00, ,40.00,0.00, ,40.00,0.00, ,40.00,0.00, 
27.972718,40.00,0.00, ,40.00,0.00, ,40.00,0.00, ,40.00,0.00, ,40.00,0.00, ,40.00,0.00, ,40.00,0.00, ,40.00,0.00, 
27.973288,40.00,0.00, ,40.00,0.00, ,40.00,0.00, ,40.00,0.00, ,40.00,0.00, ,40.00,0.00, ,40.00,0.00, ,40.00,0.00, 
27.973973,40.00,0.00, ,40.00,0.00, ,40.00,0.00, ,40.00,0.00, ,40.00,0.00, ,40.00,0.00, ,40.00,0.00, ,40.00,0.00, 
27.974657,40.00,0.00, ,40.00,0.00, ,40.00,0.00, ,40.00,0.00, ,40.00,0.00, ,40.00,0.00, ,40.00,0.00, ,40.00,0.00, 
27.975341,40.00,0.00, ,40.00,0.00, ,40.00,0.00, ,40.00,0.00, ,40.00,0.00, ,40.00,0.00, ,40.00,0.00, ,40.00,0.00, 
27.976025,40.00,0.00, ,40.00,0.00, ,40.00,0.00, ,40.00,0.00, ,40.00,0.00, ,40.00,0.00, ,40.00,0.00, ,40.00,0.00, 
27.976709,40.00,0.00, ,40.00,0.00, ,40.00,0.00, ,40.00,0.00, ,40.00,0.00, ,40.00,0.00, ,40.00,0.00, ,40.00,0.00, 
27.977393,40.00,0.00, ,40.00,0.00, ,40.00,0.00, ,40.00,0.00, ,40.00,0.00, ,40.00,0.00, ,40.00,0.00, ,40.00,0.00, 
27.978077,40.00,0.00, ,40.00,0.00, ,40.00,0.00, ,40.00,0.00, ,40.00,0.00, ,40.00,0.00, ,40.00,0.00, ,40.00,0.00, 
27.978762,40.00,0.00, ,40.00,0.00, ,40.00,0.00, ,40.00,0.00, ,40.00,0.00, ,40.00,0.00, ,40.00,0.00, ,40.00,0.00, 
27.979446,40.00,0.00, ,40.00,0.00, ,40.00,0.00, ,40.00,0.00, ,40.00,0.00, ,40.00,0.00, ,40.00,0.00, ,40.00,0.00, 
27.980130,40.00,0.00, ,40.00,0.00, ,40.00,0.00, ,40.00,0.00, ,40.00,0.00, ,40.00,0.00, ,40.00,0.00, ,40.00,0.00, 
27.980814,40.00,0.00, ,40.00,0.00, ,40.00,0.00, ,40.00,0.00, ,40.00,0.00, ,40.00,0.00, ,40.00,0.00, ,40.00,0.00, 
27.981498,40.00,0.00, ,40.00,0.00, ,40.00,0.00, ,40.00,0.00, ,40.00,0.00, ,40.00,0.00, ,40.00,0.00, ,40.00,0.00, 
27.982182,40.00,0.00, ,40.00,0.00, ,40.00,0.00, ,40.00,0.00, ,40.00,0.00, ,40.00,0.00, ,40.00,0.00, ,40.00,0.00, 
27.982866,40.00,0.00, ,40.00,0.00, ,40.00,0.00, ,40.00,0.00, ,40.00,0.00, ,40.00,0.00, ,40.00,0.00, ,40.00,0.00, 
27.983551,40.00,0.00, ,40.00,0.00, ,40.00,0.00, ,40.00,0.00, ,40.00,0.00, ,40.00,0.00, ,40.00,0.00, ,40.00,0.00, 
27.984235,40.00,0.00, ,40.00,0.00, ,40.00,0.00, ,40.00,0.00, ,40.00,0.00, ,40.00,0.00, ,40.00,0.00, ,40.00,0.00, 
27.984919,40.00,0.00, ,40.00,0.00, ,40.00,0.00, ,40.00,0.00, ,40.00,0.00, ,40.00,0.00, ,40.00,0.00, ,40.00,0.00, 
27.985603,40.00,0.00, ,40.00,0.00, ,40.00,0.00, ,40.00,0.00, ,40.00,0.00, ,40.00,0.00, ,40.00,0.00, ,40.00,0.00, 
27.986287,40.00,0.00, ,40.00,0.00, ,40.00,0.00, ,40.00,0.00, ,40.00,0.00, ,40.00,0.00, ,40.00,0.00, ,40.00,0.00, 
27.986971,40.00,0.00, ,40.00,0.00, ,40.00,0.00, ,40.00,0.00, ,40.00,0.00, ,40.00,0.00, ,40.00,0.00, ,40.00,0.00, 
27.987655,40.00,0.00, ,40.00,0.00, ,40.00,0.00, ,40.00,0.00, ,40.00,0.00, ,40.00,0.00, ,40.00,0.00, ,40.00,0.00, 
27.988340,40.00,0.00, ,40.00,0.00, ,40.00,0.00, ,40.00,0.00, ,40.00,0.00, ,40.00,0.00, ,40.00,0.00, ,40.00,0.00, 
27.989024,40.00,0.00, ,40.00,0.00, ,40.00,0.00, ,40.00,0.00, ,40.00,0.00, ,40.00,0.00, ,40.00,0.00, ,40.00,0.00, 
27.989708,40.00,0.00, ,40.00,0.00, ,40.00,0.00, ,40.00,0.00, ,40.00,0.00, ,40.00,0.00, ,40.00,0.00, ,40.00,0.00, 
27.990392,40.00,0.00, ,40.00,0.00, ,40.00,0.00, ,40.00,0.00, ,40.00,0.00, ,40.00,0.00, ,40.00,0.00, ,40.00,0.00, 
27.991076,40.00,0.00, ,40.00,0.00, ,40.00,0.00, ,40.00,0.00, ,40.00,0.00, ,40.00,0.00, ,40.00,0.00, ,40.00,0.00, 
27.991760,40.00,0.00, ,40.00,0.00, ,40.00,0.00, ,40.00,0.00, ,40.00,0.00, ,40.00,0.00, ,40.00,0.00, ,40.00,0.00, 
27.992444,40.00,0.00, ,40.00,0.00, ,40.00,0.00, ,40.00,0.00, ,40.00,0.00, ,40.00,0.00, ,40.00,0.00, ,40.00,0.00, 
27.993129,40.00,0.00, ,40.00,0.00, ,40.00,0.00, ,40.00,0.00, ,40.00,0.00, ,40.00,0.00, ,40.00,0.00, ,40.00,0.00, 
27.993813,40.00,0.00, ,40.00,0.00, ,40.00,0.00, ,40.00,0.00, ,40.00,0.00, ,40.00,0.00, ,40.00,0.00, ,40.00,0.00, 
27.994497,40.00,0.00, ,40.00,0.00, ,40.00,0.00, ,40.00,0.00, ,40.00,0.00, ,40.00,0.00, ,40.00,0.00, ,40.00,0.00, 
27.995181,40.00,0.00, ,40.00,0.00, ,40.00,0.00, ,40.00,0.00, ,40.00,0.00, ,40.00,0.00, ,40.00,0.00, ,40.00,0.00, 
27.995865,40.00,0.00, ,40.00,0.00, ,40.00,0.00, ,40.00,0.00, ,40.00,0.00, ,40.00,0.00, ,40.00,0.00, ,40.00,0.00, 
27.996549,40.00,0.00, ,40.00,0.00, ,40.00,0.00, ,40.00,0.00, ,40.00,0.00, ,40.00,0.00, ,40.00,0.00, ,40.00,0.00, 
27.997370,40.00,0.00, ,40.00,0.00, ,40.00,0.00, ,40.00,0.00, ,40.00,0.00, ,40.00,0.00, ,40.00,0.00, ,40.00,0.00, 
27.998355,40.00,0.00, ,40.00,0.00, ,40.00,0.00, ,40.00,0.00, ,40.00,0.00, ,40.00,0.00, ,40.00,0.00, ,40.00,0.00, 
27.999538,40.00,0.00, ,40.00,0.00, ,40.00,0.00, ,40.00,0.00, ,40.00,0.00, ,40.00,0.00, ,40.00,0.00, ,40.00,0.00, 
28.000956,40.00,0.00, ,40.00,0.00, ,40.00,0.00, ,40.00,0.00, ,40.00,0.00, ,40.00,0.00, ,40.00,0.00, ,40.00,0.00, 
28.002659,40.00,0.00, ,40.00,0.00, ,40.00,0.00, ,40.00,0.00, ,40.00,0.00, ,40.00,0.00, ,40.00,0.00, ,40.00,0.00, 
28.004361,40.00,0.00, ,40.00,0.00, ,40.00,0.00, ,40.00,0.00, ,40.00,0.00, ,40.00,0.00, ,40.00,0.00, ,40.00,0.00, 
28.006404,40.00,0.00, ,40.00,0.00, ,40.00,0.00, ,40.00,0.00, ,40.00,0.00, ,40.00,0.00, ,40.00,0.00, ,40.00,0.00, 
28.008447,40.00,0.00, ,40.00,0.00, ,40.00,0.00, ,40.00,0.00, ,40.00,0.00, ,40.00,0.00, ,40.00,0.00, ,40.00,0.00, 
28.010489,40.00,0.00, ,40.00,0.00, ,40.00,0.00, ,40.00,0.00, ,40.00,0.00, ,40.00,0.00, ,40.00,0.00, ,40.00,0.00, 
28.012532,40.00,0.00, ,40.00,0.00, ,40.00,0.00, ,40.00,0.00, ,40.00,0.00, ,40.00,0.00, ,40.00,0.00, ,40.00,0.00, 
28.014575,40.00,0.00, ,40.00,0.00, ,40.00,0.00, ,40.00,0.00, ,40.00,0.00, ,40.00,0.00, ,40.00,0.00, ,40.00,0.00, 
28.016618,40.00,0.00, ,40.00,0.00, ,40.00,0.00, ,40.00,0.00, ,40.00,0.00, ,40.00,0.00, ,40.00,0.00, ,40.00,0.00, 
28.018661,40.00,0.00, ,40.00,0.00, ,40.00,0.00, ,40.00,0.00, ,40.00,0.00, ,40.00,0.00, ,40.00,0.00, ,40.00,0.00, 
28.020704,40.00,0.00, ,40.00,0.00, ,40.00,0.00, ,40.00,0.00, ,40.00,0.00, ,40.00,0.00, ,40.00,0.00, ,40.00,0.00, 
28.022746,40.00,0.00, ,40.00,0.00, ,40.00,0.00, ,40.00,0.00, ,40.00,0.00, ,40.00,0.00, ,40.00,0.00, ,40.00,0.00, 
28.024789,40.00,0.00, ,40.00,0.00, ,40.00,0.00, ,40.00,0.00, ,40.00,0.00, ,40.00,0.00, ,40.00,0.00, ,40.00,0.00, 
28.026832,40.00,0.00, ,40.00,0.00, ,40.00,0.00, ,40.00,0.00, ,40.00,0.00, ,40.00,0.00, ,40.00,0.00, ,40.00,0.00, 
28.028875,40.00,0.00, ,40.00,0.00, ,40.00,0.00, ,40.00,0.00, ,40.00,0.00, ,40.00,0.00, ,40.00,0.00, ,40.00,0.00, 
28.030918,40.00,0.00, ,40.00,0.00, ,40.00,0.00, ,40.00,0.00, ,40.00,0.00, ,40.00,0.00, ,40.00,0.00, ,40.00,0.00, 
28.032961,40.00,0.00, ,40.00,0.00, ,40.00,0.00, ,40.00,0.00, ,40.00,0.00, ,40.00,0.00, ,40.00,0.00, ,40.00,0.00, 
28.035003,40.00,0.00, ,40.00,0.00, ,40.00,0.00, ,40.00,0.00, ,40.00,0.00, ,40.00,0.00, ,40.00,0.00, ,40.00,0.00, 
28.037046,40.00,0.00, ,40.00,0.00, ,40.00,0.00, ,40.00,0.00, ,40.00,0.00, ,40.00,0.00, ,40.00,0.00, ,40.00,0.00, 
28.039089,40.00,0.00, ,40.00,0.00, ,40.00,0.00, ,40.00,0.00, ,40.00,0.00, ,40.00,0.00, ,40.00,0.00, ,40.00,0.00, 
28.041132,40.00,0.00, ,40.00,0.00, ,40.00,0.00, ,40.00,0.00, ,40.00,0.00, ,40.00,0.00, ,40.00,0.00, ,40.00,0.00, 
28.043175,40.00,0.00, ,40.00,0.00, ,40.00,0.00, ,40.00,0.00, ,40.00,0.00, ,40.00,0.00, ,40.00,0.00, ,40.00,0.00, 
28.045218,40.00,0.00, ,40.00,0.00, ,40.00,0.00, ,40.00,0.00, ,40.00,0.00, ,40.00,0.00, ,40.00,0.00, ,40.00,0.00, 
28.047260,40.00,0.00, ,40.00,0.00, ,40.00,0.00, ,40.00,0.00, ,40.00,0.00, ,40.00,0.00, ,40.00,0.00, ,40.00,0.00, 
28.049303,40.00,0.00, ,40.00,0.00, ,40.00,0.00, ,40.00,0.00, ,40.00,0.00, ,40.00,0.00, ,40.00,0.00, ,40.00,0.00, 
28.051346,40.00,0.00, ,40.00,0.00, ,40.00,0.00, ,40.00,0.00, ,40.00,0.00, ,40.00,0.00, ,40.00,0.00, ,40.00,0.00, 
28.053389,40.00,0.00, ,40.00,0.00, ,40.00,0.00, ,40.00,0.00, ,40.00,0.00, ,40.00,0.00, ,40.00,0.00, ,40.00,0.00, 
28.055432,40.00,0.00, ,40.00,0.00, ,40.00,0.00, ,40.00,0.00, ,40.00,0.00, ,40.00,0.00, ,40.00,0.00, ,40.00,0.00, 
28.057475,40.00,0.00, ,40.00,0.00, ,40.00,0.00, ,40.00,0.00, ,40.00,0.00, ,40.00,0.00, ,40.00,0.00, ,40.00,0.00, 
28.059518,40.00,0.00, ,40.00,0.00, ,40.00,0.00, ,40.00,0.00, ,40.00,0.00, ,40.00,0.00, ,40.00,0.00, ,40.00,0.00, 
28.061560,40.00,0.00, ,40.00,0.00, ,40.00,0.00, ,40.00,0.00, ,40.00,0.00, ,40.00,0.00, ,40.00,0.00, ,40.00,0.00, 
28.063603,40.00,0.00, ,40.00,0.00, ,40.00,0.00, ,40.00,0.00, ,40.00,0.00, ,40.00,0.00, ,40.00,0.00, ,40.00,0.00, 
28.065646,40.00,0.00, ,40.00,0.00, ,40.00,0.00, ,40.00,0.00, ,40.00,0.00, ,40.00,0.00, ,40.00,0.00, ,40.00,0.00, 
28.067689,40.00,0.00, ,40.00,0.00, ,40.00,0.00, ,40.00,0.00, ,40.00,0.00, ,40.00,0.00, ,40.00,0.00, ,40.00,0.00, 
28.069732,40.00,0.00, ,40.00,0.00, ,40.00,0.00, ,40.00,0.00, ,40.00,0.00, ,40.00,0.00, ,40.00,0.00, ,40.00,0.00, 
28.071775,40.00,0.00, ,40.00,0.00, ,40.00,0.00, ,40.00,0.00, ,40.00,0.00, ,40.00,0.00, ,40.00,0.00, ,40.00,0.00, 
28.073817,40.00,0.00, ,40.00,0.00, ,40.00,0.00, ,40.00,0.00, ,40.00,0.00, ,40.00,0.00, ,40.00,0.00, ,40.00,0.00, 
28.075860,40.00,0.00, ,40.00,0.00, ,40.00,0.00, ,40.00,0.00, ,40.00,0.00, ,40.00,0.00, ,40.00,0.00, ,40.00,0.00, 
28.077903,40.00,0.00, ,40.00,0.00, ,40.00,0.00, ,40.00,0.00, ,40.00,0.00, ,40.00,0.00, ,40.00,0.00, ,40.00,0.00, 
28.079946,40.00,0.00, ,40.00,0.00, ,40.00,0.00, ,40.00,0.00, ,40.00,0.00, ,40.00,0.00, ,40.00,0.00, ,40.00,0.00, 
28.081989,40.00,0.00, ,40.00,0.00, ,40.00,0.00, ,40.00,0.00, ,40.00,0.00, ,40.00,0.00, ,40.00,0.00, ,40.00,0.00, 
28.084032,40.00,0.00, ,40.00,0.00, ,40.00,0.00, ,40.00,0.00, ,40.00,0.00, ,40.00,0.00, ,40.00,0.00, ,40.00,0.00, 
28.086074,40.00,0.00, ,40.00,0.00, ,40.00,0.00, ,40.00,0.00, ,40.00,0.00, ,40.00,0.00, ,40.00,0.00, ,40.00,0.00, 
28.088117,40.00,0.00, ,40.00,0.00, ,40.00,0.00, ,40.00,0.00, ,40.00,0.00, ,40.00,0.00, ,40.00,0.00, ,40.00,0.00, 
28.090160,40.00,0.00, ,40.00,0.00, ,40.00,0.00, ,40.00,0.00, ,40.00,0.00, ,40.00,0.00, ,40.00,0.00, ,40.00,0.00, 
28.092203,40.00,0.00, ,40.00,0.00, ,40.00,0.00, ,40.00,0.00, ,40.00,0.00, ,40.00,0.00, ,40.00,0.00, ,40.00,0.00, 
28.094246,40.00,0.00, ,40.00,0.00, ,40.00,0.00, ,40.00,0.00, ,40.00,0.00, ,40.00,0.00, ,40.00,0.00, ,40.00,0.00, 
28.096289,40.00,0.00, ,40.00,0.00, ,40.00,0.00, ,40.00,0.00, ,40.00,0.00, ,40.00,0.00, ,40.00,0.00, ,40.00,0.00, 
28.098331,40.00,0.00, ,40.00,0.00, ,40.00,0.00, ,40.00,0.00, ,40.00,0.00, ,40.00,0.00, ,40.00,0.00, ,40.00,0.00, 
28.100374,40.00,0.00, ,40.00,0.00, ,40.00,0.00, ,40.00,0.00, ,40.00,0.00, ,40.00,0.00, ,40.00,0.00, ,40.00,0.00, 
28.102417,40.00,0.00, ,40.00,0.00, ,40.00,0.00, ,40.00,0.00, ,40.00,0.00, ,40.00,0.00, ,40.00,0.00, ,40.00,0.00, 
28.104460,40.00,0.00, ,40.00,0.00, ,40.00,0.00, ,40.00,0.00, ,40.00,0.00, ,40.00,0.00, ,40.00,0.00, ,40.00,0.00, 
28.106503,40.00,0.00, ,40.00,0.00, ,40.00,0.00, ,40.00,0.00, ,40.00,0.00, ,40.00,0.00, ,40.00,0.00, ,40.00,0.00, 
28.108546,40.00,0.00, ,40.00,0.00, ,40.00,0.00, ,40.00,0.00, ,40.00,0.00, ,40.00,0.00, ,40.00,0.00, ,40.00,0.00, 
28.110588,40.00,0.00, ,40.00,0.00, ,40.00,0.00, ,40.00,0.00, ,40.00,0.00, ,40.00,0.00, ,40.00,0.00, ,40.00,0.00, 
28.112631,40.00,0.00, ,40.00,0.00, ,40.00,0.00, ,40.00,0.00, ,40.00,0.00, ,40.00,0.00, ,40.00,0.00, ,40.00,0.00, 
28.114674,40.00,0.00, ,40.00,0.00, ,40.00,0.00, ,40.00,0.00, ,40.00,0.00, ,40.00,0.00, ,40.00,0.00, ,40.00,0.00, 
28.116717,40.00,0.00, ,40.00,0.00, ,40.00,0.00, ,40.00,0.00, ,40.00,0.00, ,40.00,0.00, ,40.00,0.00, ,40.00,0.00, 
28.118760,40.00,0.00, ,40.00,0.00, ,40.00,0.00, ,40.00,0.00, ,40.00,0.00, ,40.00,0.00, ,40.00,0.00, ,40.00,0.00, 
28.120803,40.00,0.00, ,40.00,0.00, ,40.00,0.00, ,40.00,0.00, ,40.00,0.00, ,40.00,0.00, ,40.00,0.00, ,40.00,0.00, 
28.122845,40.00,0.00, ,40.00,0.00, ,40.00,0.00, ,40.00,0.00, ,40.00,0.00, ,40.00,0.00, ,40.00,0.00, ,40.00,0.00, 
28.124888,40.00,0.00, ,40.00,0.00, ,40.00,0.00, ,40.00,0.00, ,40.00,0.00, ,40.00,0.00, ,40.00,0.00, ,40.00,0.00, 
28.126931,40.00,0.00, ,40.00,0.00, ,40.00,0.00, ,40.00,0.00, ,40.00,0.00, ,40.00,0.00, ,40.00,0.00, ,40.00,0.00, 
28.128974,40.00,0.00, ,40.00,0.00, ,40.00,0.00, ,40.00,0.00, ,40.00,0.00, ,40.00,0.00, ,40.00,0.00, ,40.00,0.00, 
28.131425,40.00,0.00, ,40.00,0.00, ,40.00,0.00, ,40.00,0.00, ,40.00,0.00, ,40.00,0.00, ,40.00,0.00, ,40.00,0.00, 
28.133877,40.00,0.00, ,40.00,0.00, ,40.00,0.00, ,40.00,0.00, ,40.00,0.00, ,40.00,0.00, ,40.00,0.00, ,40.00,0.00, 
28.136328,40.00,0.00, ,40.00,0.00, ,40.00,0.00, ,40.00,0.00, ,40.00,0.00, ,40.00,0.00, ,40.00,0.00, ,40.00,0.00, 
28.138780,40.00,0.00, ,40.00,0.00, ,40.00,0.00, ,40.00,0.00, ,40.00,0.00, ,40.00,0.00, ,40.00,0.00, ,40.00,0.00, 
28.141231,40.00,0.00, ,40.00,0.00, ,40.00,0.00, ,40.00,0.00, ,40.00,0.00, ,40.00,0.00, ,40.00,0.00, ,40.00,0.00, 
28.143682,40.00,0.00, ,40.00,0.00, ,40.00,0.00, ,40.00,0.00, ,40.00,0.00, ,40.00,0.00, ,40.00,0.00, ,40.00,0.00, 
28.145644,40.00,0.00, ,40.00,0.00, ,40.00,0.00, ,40.00,0.00, ,40.00,0.00, ,40.00,0.00, ,40.00,0.00, ,40.00,0.00, 
28.147605,40.00,0.00, ,40.00,0.00, ,40.00,0.00, ,40.00,0.00, ,40.00,0.00, ,40.00,0.00, ,40.00,0.00, ,40.00,0.00, 
28.149174,40.00,0.00, ,40.00,0.00, ,40.00,0.00, ,40.00,0.00, ,40.00,0.00, ,40.00,0.00, ,40.00,0.00, ,40.00,0.00, 
28.150742,40.00,0.00, ,40.00,0.00, ,40.00,0.00, ,40.00,0.00, ,40.00,0.00, ,40.00,0.00, ,40.00,0.00, ,40.00,0.00, 
28.152311,40.00,0.00, ,40.00,0.00, ,40.00,0.00, ,40.00,0.00, ,40.00,0.00, ,40.00,0.00, ,40.00,0.00, ,40.00,0.00, 
28.153880,40.00,0.00, ,40.00,0.00, ,40.00,0.00, ,40.00,0.00, ,40.00,0.00, ,40.00,0.00, ,40.00,0.00, ,40.00,0.00, 
28.155449,40.00,0.00, ,40.00,0.00, ,40.00,0.00, ,40.00,0.00, ,40.00,0.00, ,40.00,0.00, ,40.00,0.00, ,40.00,0.00, 
28.157018,40.00,0.00, ,40.00,0.00, ,40.00,0.00, ,40.00,0.00, ,40.00,0.00, ,40.00,0.00, ,40.00,0.00, ,40.00,0.00, 
28.158587,40.00,0.00, ,40.00,0.00, ,40.00,0.00, ,40.00,0.00, ,40.00,0.00, ,40.00,0.00, ,40.00,0.00, ,40.00,0.00, 
28.160156,40.00,0.00, ,40.00,0.00, ,40.00,0.00, ,40.00,0.00, ,40.00,0.00, ,40.00,0.00, ,40.00,0.00, ,40.00,0.00, 
28.161725,40.00,0.00, ,40.00,0.00, ,40.00,0.00, ,40.00,0.00, ,40.00,0.00, ,40.00,0.00, ,40.00,0.00, ,40.00,0.00, 
28.163294,40.00,0.00, ,40.00,0.00, ,40.00,0.00, ,40.00,0.00, ,40.00,0.00, ,40.00,0.00, ,40.00,0.00, ,40.00,0.00, 
28.164863,40.00,0.00, ,40.00,0.00, ,40.00,0.00, ,40.00,0.00, ,40.00,0.00, ,40.00,0.00, ,40.00,0.00, ,40.00,0.00, 
28.166745,40.00,0.00, ,40.00,0.00, ,40.00,0.00, ,40.00,0.00, ,40.00,0.00, ,40.00,0.00, ,40.00,0.00, ,40.00,0.00, 
28.168628,40.00,0.00, ,40.00,0.00, ,40.00,0.00, ,40.00,0.00, ,40.00,0.00, ,40.00,0.00, ,40.00,0.00, ,40.00,0.00, 
28.170511,40.00,0.00, ,40.00,0.00, ,40.00,0.00, ,40.00,0.00, ,40.00,0.00, ,40.00,0.00, ,40.00,0.00, ,40.00,0.00, 
28.172393,40.00,0.00, ,40.00,0.00, ,40.00,0.00, ,40.00,0.00, ,40.00,0.00, ,40.00,0.00, ,40.00,0.00, ,40.00,0.00, 
28.174276,40.00,0.00, ,40.00,0.00, ,40.00,0.00, ,40.00,0.00, ,40.00,0.00, ,40.00,0.00, ,40.00,0.00, ,40.00,0.00, 
28.176535,40.00,0.00, ,40.00,0.00, ,40.00,0.00, ,40.00,0.00, ,40.00,0.00, ,40.00,0.00, ,40.00,0.00, ,40.00,0.00, 
28.178794,40.00,0.00, ,40.00,0.00, ,40.00,0.00, ,40.00,0.00, ,40.00,0.00, ,40.00,0.00, ,40.00,0.00, ,40.00,0.00, 
28.181054,40.00,0.00, ,40.00,0.00, ,40.00,0.00, ,40.00,0.00, ,40.00,0.00, ,40.00,0.00, ,40.00,0.00, ,40.00,0.00, 
28.183313,40.00,0.00, ,40.00,0.00, ,40.00,0.00, ,40.00,0.00, ,40.00,0.00, ,40.00,0.00, ,40.00,0.00, ,40.00,0.00, 
28.185572,40.00,0.00, ,40.00,0.00, ,40.00,0.00, ,40.00,0.00, ,40.00,0.00, ,40.00,0.00, ,40.00,0.00, ,40.00,0.00, 
28.187831,40.00,0.00, ,40.00,0.00, ,40.00,0.00, ,40.00,0.00, ,40.00,0.00, ,40.00,0.00, ,40.00,0.00, ,40.00,0.00, 
28.190090,40.00,0.00, ,40.00,0.00, ,40.00,0.00, ,40.00,0.00, ,40.00,0.00, ,40.00,0.00, ,40.00,0.00, ,40.00,0.00, 
28.192350,40.00,0.00, ,40.00,0.00, ,40.00,0.00, ,40.00,0.00, ,40.00,0.00, ,40.00,0.00, ,40.00,0.00, ,40.00,0.00, 
28.194609,40.00,0.00, ,40.00,0.00, ,40.00,0.00, ,40.00,0.00, ,40.00,0.00, ,40.00,0.00, ,40.00,0.00, ,40.00,0.00, 
28.196868,40.00,0.00, ,40.00,0.00, ,40.00,0.00, ,40.00,0.00, ,40.00,0.00, ,40.00,0.00, ,40.00,0.00, ,40.00,0.00, 
28.199127,40.00,0.00, ,40.00,0.00, ,40.00,0.00, ,40.00,0.00, ,40.00,0.00, ,40.00,0.00, ,40.00,0.00, ,40.00,0.00, 
28.201838,40.00,0.00, ,40.00,0.00, ,40.00,0.00, ,40.00,0.00, ,40.00,0.00, ,40.00,0.00, ,40.00,0.00, ,40.00,0.00, 
28.204549,40.00,0.00, ,40.00,0.00, ,40.00,0.00, ,40.00,0.00, ,40.00,0.00, ,40.00,0.00, ,40.00,0.00, ,40.00,0.00, 
28.207260,40.00,0.00, ,40.00,0.00, ,40.00,0.00, ,40.00,0.00, ,40.00,0.00, ,40.00,0.00, ,40.00,0.00, ,40.00,0.00, 
28.209972,40.00,0.00, ,40.00,0.00, ,40.00,0.00, ,40.00,0.00, ,40.00,0.00, ,40.00,0.00, ,40.00,0.00, ,40.00,0.00, 
28.212683,40.00,0.00, ,40.00,0.00, ,40.00,0.00, ,40.00,0.00, ,40.00,0.00, ,40.00,0.00, ,40.00,0.00, ,40.00,0.00, 
28.215394,40.00,0.00, ,40.00,0.00, ,40.00,0.00, ,40.00,0.00, ,40.00,0.00, ,40.00,0.00, ,40.00,0.00, ,40.00,0.00, 
28.218105,40.00,0.00, ,40.00,0.00, ,40.00,0.00, ,40.00,0.00, ,40.00,0.00, ,40.00,0.00, ,40.00,0.00, ,40.00,0.00, 
28.220816,40.00,0.00, ,40.00,0.00, ,40.00,0.00, ,40.00,0.00, ,40.00,0.00, ,40.00,0.00, ,40.00,0.00, ,40.00,0.00, 
28.223527,40.00,0.00, ,40.00,0.00, ,40.00,0.00, ,40.00,0.00, ,40.00,0.00, ,40.00,0.00, ,40.00,0.00, ,40.00,0.00, 
28.226238,40.00,0.00, ,40.00,0.00, ,40.00,0.00, ,40.00,0.00, ,40.00,0.00, ,40.00,0.00, ,40.00,0.00, ,40.00,0.00, 
28.229491,40.00,0.00, ,40.00,0.00, ,40.00,0.00, ,40.00,0.00, ,40.00,0.00, ,40.00,0.00, ,40.00,0.00, ,40.00,0.00, 
28.233395,40.00,0.00, ,40.00,0.00, ,40.00,0.00, ,40.00,0.00, ,40.00,0.00, ,40.00,0.00, ,40.00,0.00, ,40.00,0.00, 
28.238080,40.00,0.00, ,40.00,0.00, ,40.00,0.00, ,40.00,0.00, ,40.00,0.00, ,40.00,0.00, ,40.00,0.00, ,40.00,0.00, 
28.243701,40.00,0.00, ,40.00,0.00, ,40.00,0.00, ,40.00,0.00, ,40.00,0.00, ,40.00,0.00, ,40.00,0.00, ,40.00,0.00, 
28.250447,40.00,0.00, ,40.00,0.00, ,40.00,0.00, ,40.00,0.00, ,40.00,0.00, ,40.00,0.00, ,40.00,0.00, ,40.00,0.00, 
28.258543,40.00,0.00, ,40.00,0.00, ,40.00,0.00, ,40.00,0.00, ,40.00,0.00, ,40.00,0.00, ,40.00,0.00, ,40.00,0.00, 
28.268257,40.00,0.00, ,40.00,0.00, ,40.00,0.00, ,40.00,0.00, ,40.00,0.00, ,40.00,0.00, ,40.00,0.00, ,40.00,0.00, 
28.277971,40.00,0.00, ,40.00,0.00, ,40.00,0.00, ,40.00,0.00, ,40.00,0.00, ,40.00,0.00, ,40.00,0.00, ,40.00,0.00, 
28.289628,40.00,0.00, ,40.00,0.00, ,40.00,0.00, ,40.00,0.00, ,40.00,0.00, ,40.00,0.00, ,40.00,0.00, ,40.00,0.00, 
28.301285,40.00,0.00, ,40.00,0.00, ,40.00,0.00, ,40.00,0.00, ,40.00,0.00, ,40.00,0.00, ,40.00,0.00, ,40.00,0.00, 
28.312942,40.00,0.00, ,40.00,0.00, ,40.00,0.00, ,40.00,0.00, ,40.00,0.00, ,40.00,0.00, ,40.00,0.00, ,40.00,0.00, 
28.324599,40.00,0.00, ,40.00,0.00, ,40.00,0.00, ,40.00,0.00, ,40.00,0.00, ,40.00,0.00, ,40.00,0.00, ,40.00,0.00, 
28.336256,40.00,0.00, ,40.00,0.00, ,40.00,0.00, ,40.00,0.00, ,40.00,0.00, ,40.00,0.00, ,40.00,0.00, ,40.00,0.00, 
28.347913,40.00,0.00, ,40.00,0.00, ,40.00,0.00, ,40.00,0.00, ,40.00,0.00, ,40.00,0.00, ,40.00,0.00, ,40.00,0.00, 
28.359570,40.00,0.00, ,40.00,0.00, ,40.00,0.00, ,40.00,0.00, ,40.00,0.00, ,40.00,0.00, ,40.00,0.00, ,40.00,0.00, 
28.371227,40.00,0.00, ,40.00,0.00, ,40.00,0.00, ,40.00,0.00, ,40.00,0.00, ,40.00,0.00, ,40.00,0.00, ,40.00,0.00, 
28.382884,40.00,0.00, ,40.00,0.00, ,40.00,0.00, ,40.00,0.00, ,40.00,0.00, ,40.00,0.00, ,40.00,0.00, ,40.00,0.00, 
28.394541,40.00,0.00, ,40.00,0.00, ,40.00,0.00, ,40.00,0.00, ,40.00,0.00, ,40.00,0.00, ,40.00,0.00, ,40.00,0.00, 
28.406199,40.00,0.00, ,40.00,0.00, ,40.00,0.00, ,40.00,0.00, ,40.00,0.00, ,40.00,0.00, ,40.00,0.00, ,40.00,0.00, 
28.417856,40.00,0.00, ,40.00,0.00, ,40.00,0.00, ,40.00,0.00, ,40.00,0.00, ,40.00,0.00, ,40.00,0.00, ,40.00,0.00, 
28.429513,40.00,0.00, ,40.00,0.00, ,40.00,0.00, ,40.00,0.00, ,40.00,0.00, ,40.00,0.00, ,40.00,0.00, ,40.00,0.00, 
28.441170,40.00,0.00, ,40.00,0.00, ,40.00,0.00, ,40.00,0.00, ,40.00,0.00, ,40.00,0.00, ,40.00,0.00, ,40.00,0.00, 
28.452827,40.00,0.00, ,40.00,0.00, ,40.00,0.00, ,40.00,0.00, ,40.00,0.00, ,40.00,0.00, ,40.00,0.00, ,40.00,0.00, 
28.464484,40.00,0.00, ,40.00,0.00, ,40.00,0.00, ,40.00,0.00, ,40.00,0.00, ,40.00,0.00, ,40.00,0.00, ,40.00,0.00, 
28.476141,40.00,0.00, ,40.00,0.00, ,40.00,0.00, ,40.00,0.00, ,40.00,0.00, ,40.00,0.00, ,40.00,0.00, ,40.00,0.00, 
28.487798,40.00,0.00, ,40.00,0.00, ,40.00,0.00, ,40.00,0.00, ,40.00,0.00, ,40.00,0.00, ,40.00,0.00, ,40.00,0.00, 
28.499455,40.00,0.00, ,40.00,0.00, ,40.00,0.00, ,40.00,0.00, ,40.00,0.00, ,40.00,0.00, ,40.00,0.00, ,40.00,0.00, 
28.511112,40.00,0.00, ,40.00,0.00, ,40.00,0.00, ,40.00,0.00, ,40.00,0.00, ,40.00,0.00, ,40.00,0.00, ,40.00,0.00, 
28.522769,40.00,0.00, ,40.00,0.00, ,40.00,0.00, ,40.00,0.00, ,40.00,0.00, ,40.00,0.00, ,40.00,0.00, ,40.00,0.00, 
28.534426,40.00,0.00, ,40.00,0.00, ,40.00,0.00, ,40.00,0.00, ,40.00,0.00, ,40.00,0.00, ,40.00,0.00, ,40.00,0.00, 
28.546083,40.00,0.00, ,40.00,0.00, ,40.00,0.00, ,40.00,0.00, ,40.00,0.00, ,40.00,0.00, ,40.00,0.00, ,40.00,0.00, 
28.557740,40.00,0.00, ,40.00,0.00, ,40.00,0.00, ,40.00,0.00, ,40.00,0.00, ,40.00,0.00, ,40.00,0.00, ,40.00,0.00, 
28.569397,40.00,0.00, ,40.00,0.00, ,40.00,0.00, ,40.00,0.00, ,40.00,0.00, ,40.00,0.00, ,40.00,0.00, ,40.00,0.00, 
28.581054,40.00,0.00, ,40.00,0.00, ,40.00,0.00, ,40.00,0.00, ,40.00,0.00, ,40.00,0.00, ,40.00,0.00, ,40.00,0.00, 
28.592711,40.00,0.00, ,40.00,0.00, ,40.00,0.00, ,40.00,0.00, ,40.00,0.00, ,40.00,0.00, ,40.00,0.00, ,40.00,0.00, 
28.604368,40.00,0.00, ,40.00,0.00, ,40.00,0.00, ,40.00,0.00, ,40.00,0.00, ,40.00,0.00, ,40.00,0.00, ,40.00,0.00, 
28.616025,40.00,0.00, ,40.00,0.00, ,40.00,0.00, ,40.00,0.00, ,40.00,0.00, ,40.00,0.00, ,40.00,0.00, ,40.00,0.00, 
28.627682,40.00,0.00, ,40.00,0.00, ,40.00,0.00, ,40.00,0.00, ,40.00,0.00, ,40.00,0.00, ,40.00,0.00, ,40.00,0.00, 
28.639340,40.00,0.00, ,40.00,0.00, ,40.00,0.00, ,40.00,0.00, ,40.00,0.00, ,40.00,0.00, ,40.00,0.00, ,40.00,0.00, 
28.650997,40.00,0.00, ,40.00,0.00, ,40.00,0.00, ,40.00,0.00, ,40.00,0.00, ,40.00,0.00, ,40.00,0.00, ,40.00,0.00, 
28.662654,40.00,0.00, ,40.00,0.00, ,40.00,0.00, ,40.00,0.00, ,40.00,0.00, ,40.00,0.00, ,40.00,0.00, ,40.00,0.00, 
28.674311,40.00,0.00, ,40.00,0.00, ,40.00,0.00, ,40.00,0.00, ,40.00,0.00, ,40.00,0.00, ,40.00,0.00, ,40.00,0.00, 
28.685968,40.00,0.00, ,40.00,0.00, ,40.00,0.00, ,40.00,0.00, ,40.00,0.00, ,40.00,0.00, ,40.00,0.00, ,40.00,0.00, 
28.697625,40.00,0.00, ,40.00,0.00, ,40.00,0.00, ,40.00,0.00, ,40.00,0.00, ,40.00,0.00, ,40.00,0.00, ,40.00,0.00, 
28.709282,40.00,0.00, ,40.00,0.00, ,40.00,0.00, ,40.00,0.00, ,40.00,0.00, ,40.00,0.00, ,40.00,0.00, ,40.00,0.00, 
28.720939,40.00,0.00, ,40.00,0.00, ,40.00,0.00, ,40.00,0.00, ,40.00,0.00, ,40.00,0.00, ,40.00,0.00, ,40.00,0.00, 
28.732596,40.00,0.00, ,40.00,0.00, ,40.00,0.00, ,40.00,0.00, ,40.00,0.00, ,40.00,0.00, ,40.00,0.00, ,40.00,0.00, 
28.744253,40.00,0.00, ,40.00,0.00, ,40.00,0.00, ,40.00,0.00, ,40.00,0.00, ,40.00,0.00, ,40.00,0.00, ,40.00,0.00, 
28.755910,40.00,0.00, ,40.00,0.00, ,40.00,0.00, ,40.00,0.00, ,40.00,0.00, ,40.00,0.00, ,40.00,0.00, ,40.00,0.00, 
28.767567,40.00,0.00, ,40.00,0.00, ,40.00,0.00, ,40.00,0.00, ,40.00,0.00, ,40.00,0.00, ,40.00,0.00, ,40.00,0.00, 
28.770889,40.00,0.00, ,40.00,0.00, ,40.00,0.00, ,40.00,0.00, ,40.00,0.00, ,40.00,0.00, ,40.00,0.00, ,40.00,0.00, 
28.775207,40.00,0.00, ,40.00,0.00, ,40.00,0.00, ,40.00,0.00, ,40.00,0.00, ,40.00,0.00, ,40.00,0.00, ,40.00,0.00, 
28.780820,40.00,0.00, ,40.00,0.00, ,40.00,0.00, ,40.00,0.00, ,40.00,0.00, ,40.00,0.00, ,40.00,0.00, ,40.00,0.00, 
28.788118,40.00,0.00, ,40.00,0.00, ,40.00,0.00, ,40.00,0.00, ,40.00,0.00, ,40.00,0.00, ,40.00,0.00, ,40.00,0.00, 
28.796510,40.00,0.00, ,40.00,0.00, ,40.00,0.00, ,40.00,0.00, ,40.00,0.00, ,40.00,0.00, ,40.00,0.00, ,40.00,0.00, 
28.806161,40.00,0.00, ,40.00,0.00, ,40.00,0.00, ,40.00,0.00, ,40.00,0.00, ,40.00,0.00, ,40.00,0.00, ,40.00,0.00, 
28.817260,40.00,0.00, ,40.00,0.00, ,40.00,0.00, ,40.00,0.00, ,40.00,0.00, ,40.00,0.00, ,40.00,0.00, ,40.00,0.00, 
28.830024,40.00,0.00, ,40.00,0.00, ,40.00,0.00, ,40.00,0.00, ,40.00,0.00, ,40.00,0.00, ,40.00,0.00, ,40.00,0.00, 
28.844702,40.00,0.00, ,40.00,0.00, ,40.00,0.00, ,40.00,0.00, ,40.00,0.00, ,40.00,0.00, ,40.00,0.00, ,40.00,0.00, 
28.861581,40.00,0.00, ,40.00,0.00, ,40.00,0.00, ,40.00,0.00, ,40.00,0.00, ,40.00,0.00, ,40.00,0.00, ,40.00,0.00, 
28.880993,40.00,0.00, ,40.00,0.00, ,40.00,0.00, ,40.00,0.00, ,40.00,0.00, ,40.00,0.00, ,40.00,0.00, ,40.00,0.00, 
28.903317,40.00,0.00, ,40.00,0.00, ,40.00,0.00, ,40.00,0.00, ,40.00,0.00, ,40.00,0.00, ,40.00,0.00, ,40.00,0.00, 
28.928989,40.00,0.00, ,40.00,0.00, ,40.00,0.00, ,40.00,0.00, ,40.00,0.00, ,40.00,0.00, ,40.00,0.00, ,40.00,0.00, 
28.958512,40.00,0.00, ,40.00,0.00, ,40.00,0.00, ,40.00,0.00, ,40.00,0.00, ,40.00,0.00, ,40.00,0.00, ,40.00,0.00, 
28.992463,40.00,0.00, ,40.00,0.00, ,40.00,0.00, ,40.00,0.00, ,40.00,0.00, ,40.00,0.00, ,40.00,0.00, ,40.00,0.00, 
29.031507,40.00,0.00, ,40.00,0.00, ,40.00,0.00, ,40.00,0.00, ,40.00,0.00, ,40.00,0.00, ,40.00,0.00, ,40.00,0.00, 
29.076408,40.00,0.00, ,40.00,0.00, ,40.00,0.00, ,40.00,0.00, ,40.00,0.00, ,40.00,0.00, ,40.00,0.00, ,40.00,0.00, 
29.128043,40.00,0.00, ,40.00,0.00, ,40.00,0.00, ,40.00,0.00, ,40.00,0.00, ,40.00,0.00, ,40.00,0.00, ,40.00,0.00, 
29.184842,40.00,0.00, ,40.00,0.00, ,40.00,0.00, ,40.00,0.00, ,40.00,0.00, ,40.00,0.00, ,40.00,0.00, ,40.00,0.00, 
29.247322,40.00,0.00, ,40.00,0.00, ,40.00,0.00, ,40.00,0.00, ,40.00,0.00, ,40.00,0.00, ,40.00,0.00, ,40.00,0.00, 
29.316049,40.00,0.00, ,40.00,0.00, ,40.00,0.00, ,40.00,0.00, ,40.00,0.00, ,40.00,0.00, ,40.00,0.00, ,40.00,0.00, 
29.391649,40.00,0.00, ,40.00,0.00, ,40.00,0.00, ,40.00,0.00, ,40.00,0.00, ,40.00,0.00, ,40.00,0.00, ,40.00,0.00, 
29.474808,40.00,0.00, ,40.00,0.00, ,40.00,0.00, ,40.00,0.00, ,40.00,0.00, ,40.00,0.00, ,40.00,0.00, ,40.00,0.00, 
29.566284,40.00,0.00, ,40.00,0.00, ,40.00,0.00, ,40.00,0.00, ,40.00,0.00, ,40.00,0.00, ,40.00,0.00, ,40.00,0.00, 
29.666907,40.00,0.00, ,40.00,0.00, ,40.00,0.00, ,40.00,0.00, ,40.00,0.00, ,40.00,0.00, ,40.00,0.00, ,40.00,0.00, 
29.777593,40.00,0.00, ,40.00,0.00, ,40.00,0.00, ,40.00,0.00, ,40.00,0.00, ,40.00,0.00, ,40.00,0.00, ,40.00,0.00, 
29.899347,40.00,0.00, ,40.00,0.00, ,40.00,0.00, ,40.00,0.00, ,40.00,0.00, ,40.00,0.00, ,40.00,0.00, ,40.00,0.00, 
30.033277,40.00,0.00, ,40.00,0.00, ,40.00,0.00, ,40.00,0.00, ,40.00,0.00, ,40.00,0.00, ,40.00,0.00, ,40.00,0.00, 
30.180600,40.00,0.00, ,40.00,0.00, ,40.00,0.00, ,40.00,0.00, ,40.00,0.00, ,40.00,0.00, ,40.00,0.00, ,40.00,0.00, 
30.342655,40.00,0.00, ,40.00,0.00, ,40.00,0.00, ,40.00,0.00, ,40.00,0.00, ,40.00,0.00, ,40.00,0.00, ,40.00,0.00, 
30.520915,40.00,0.00, ,40.00,0.00, ,40.00,0.00, ,40.00,0.00, ,40.00,0.00, ,40.00,0.00, ,40.00,0.00, ,40.00,0.00, 
30.717001,40.00,0.00, ,40.00,0.00, ,40.00,0.00, ,40.00,0.00, ,40.00,0.00, ,40.00,0.00, ,40.00,0.00, ,40.00,0.00, 
30.917001,40.00,0.00, ,40.00,0.00, ,40.00,0.00, ,40.00,0.00, ,40.00,0.00, ,40.00,0.00, ,40.00,0.00, ,40.00,0.00, 
31.117001,40.00,0.00, ,40.00,0.00, ,40.00,0.00, ,40.00,0.00, ,40.00,0.00, ,40.00,0.00, ,40.00,0.00, ,40.00,0.00, 
31.317001,40.00,0.00, ,40.00,0.00, ,40.00,0.00, ,40.00,0.00, ,40.00,0.00, ,40.00,0.00, ,40.00,0.00, ,40.00,0.00, 
31.517001,40.00,0.00, ,40.00,0.00, ,40.00,0.00, ,40.00,0.00, ,40.00,0.00, ,40.00,0.00, ,40.00,0.00, ,40.00,0.00, 
31.717001,40.00,0.00, ,40.00,0.00, ,40.00,0.00, ,40.00,0.00, ,40.00,0.00, ,40.00,0.00, ,40.00,0.00, ,40.00,0.00, 
31.917001,40.00,0.00, ,40.00,0.00, ,40.00,0.00, ,40.00,0.00, ,40.00,0.00, ,40.00,0.00, ,40.00,0.00, ,40.00,0.00, 
32.117001,40.00,0.00, ,40.00,0.00, ,40.00,0.00, ,40.00,0.00, ,40.00,0.00, ,40.00,0.00, ,40.00,0.00, ,40.00,0.00, 
32.317001,40.00,0.00, ,40.00,0.00, ,40.00,0.00, ,40.00,0.00, ,40.00,0.00, ,40.00,0.00, ,40.00,0.00, ,40.00,0.00, 
32.517001,40.00,0.00, ,40.00,0.00, ,40.00,0.00, ,40.00,0.00, ,40.00,0.00, ,40.00,0.00, ,40.00,0.00, ,40.00,0.00, 
32.717001,40.00,0.00, ,40.00,0.00, ,40.00,0.00, ,40.00,0.00, ,40.00,0.00, ,40.00,0.00, ,40.00,0.00, ,40.00,0.00, 
32.917001,40.00,0.00, ,40.00,0.00, ,40.00,0.00, ,40.00,0.00, ,40.00,0.00, ,40.00,0.00, ,40.00,0.00, ,40.00,0.00, 
33.117001,40.00,0.00, ,40.00,0.00, ,40.00,0.00, ,40.00,0.00, ,40.00,0.00, ,40.00,0.00, ,40.00,0.00, ,40.00,0.00, 
33.317001,40.00,0.00, ,40.00,0.00, ,40.00,0.00, ,40.00,0.00, ,40.00,0.00, ,40.00,0.00, ,40.00,0.00, ,40.00,0.00, 
33.517001,40.00,0.00, ,40.00,0.00, ,40.00,0.00, ,40.00,0.00, ,40.00,0.00, ,40.00,0.00, ,40.00,0.00, ,40.00,0.00, 
33.717001,40.00,0.00, ,40.00,0.00, ,40.00,0.00, ,40.00,0.00, ,40.00,0.00, ,40.00,0.00, ,40.00,0.00, ,40.00,0.00, 
33.917001,40.00,0.00, ,40.00,0.00, ,40.00,0.00, ,40.00,0.00, ,40.00,0.00, ,40.00,0.00, ,40.00,0.00, ,40.00,0.00, 
34.117001,40.00,0.00, ,40.00,0.00, ,40.00,0.00, ,40.00,0.00, ,40.00,0.00, ,40.00,0.00, ,40.00,0.00, ,40.00,0.00, 
34.317001,40.00,0.00, ,40.00,0.00, ,40.00,0.00, ,40.00,0.00, ,40.00,0.00, ,40.00,0.00, ,40.00,0.00, ,40.00,0.00, 
34.517001,40.00,0.00, ,40.00,0.00, ,40.00,0.00, ,40.00,0.00, ,40.00,0.00, ,40.00,0.00, ,40.00,0.00, ,40.00,0.00, 
34.717001,40.00,0.00, ,40.00,0.00, ,40.00,0.00, ,40.00,0.00, ,40.00,0.00, ,40.00,0.00, ,40.00,0.00, ,40.00,0.00, 
34.917001,40.00,0.00, ,40.00,0.00, ,40.00,0.00, ,40.00,0.00, ,40.00,0.00, ,40.00,0.00, ,40.00,0.00, ,40.00,0.00, 
35.117001,40.00,0.00, ,40.00,0.00, ,40.00,0.00, ,40.00,0.00, ,40.00,0.00, ,40.00,0.00, ,40.00,0.00, ,40.00,0.00, 
35.317001,40.00,0.00, ,40.00,0.00, ,40.00,0.00, ,40.00,0.00, ,40.00,0.00, ,40.00,0.00, ,40.00,0.00, ,40.00,0.00, 
35.517001,40.00,0.00, ,40.00,0.00, ,40.00,0.00, ,40.00,0.00, ,40.00,0.00, ,40.00,0.00, ,40.00,0.00, ,40.00,0.00, 
35.717001,40.00,0.00, ,40.00,0.00, ,40.00,0.00, ,40.00,0.00, ,40.00,0.00, ,40.00,0.00, ,40.00,0.00, ,40.00,0.00, 
35.917001,40.00,0.00, ,40.00,0.00, ,40.00,0.00, ,40.00,0.00, ,40.00,0.00, ,40.00,0.00, ,40.00,0.00, ,40.00,0.00, 
36.117001,40.00,0.00, ,40.00,0.00, ,40.00,0.00, ,40.00,0.00, ,40.00,0.00, ,40.00,0.00, ,40.00,0.00, ,40.00,0.00, 
36.293001,40.00,0.00, ,40.00,0.00, ,40.00,0.00, ,40.00,0.00, ,40.00,0.00, ,40.00,0.00, ,40.00,0.00, ,40.00,0.00, 
36.416905,40.00,0.00, ,40.00,0.00, ,40.00,0.00, ,40.00,0.00, ,40.00,0.00, ,40.00,0.00, ,40.00,0.00, ,40.00,0.00, 
36.525941,40.00,0.00, ,40.00,0.00, ,40.00,0.00, ,40.00,0.00, ,40.00,0.00, ,40.00,0.00, ,40.00,0.00, ,40.00,0.00, 
36.621892,40.00,0.00, ,40.00,0.00, ,40.00,0.00, ,40.00,0.00, ,40.00,0.00, ,40.00,0.00, ,40.00,0.00, ,40.00,0.00, 
36.689442,40.00,0.00, ,40.00,0.00, ,40.00,0.00, ,40.00,0.00, ,40.00,0.00, ,40.00,0.00, ,40.00,0.00, ,40.00,0.00, 
36.748886,40.00,0.00, ,40.00,0.00, ,40.00,0.00, ,40.00,0.00, ,40.00,0.00, ,40.00,0.00, ,40.00,0.00, ,40.00,0.00, 
36.803886,40.00,0.00, ,40.00,0.00, ,40.00,0.00, ,40.00,0.00, ,40.00,0.00, ,40.00,0.00, ,40.00,0.00, ,40.00,0.00, 
36.858886,40.00,0.00, ,40.00,0.00, ,40.00,0.00, ,40.00,0.00, ,40.00,0.00, ,40.00,0.00, ,40.00,0.00, ,40.00,0.00, 
36.913886,40.00,0.00, ,40.00,0.00, ,40.00,0.00, ,40.00,0.00, ,40.00,0.00, ,40.00,0.00, ,40.00,0.00, ,40.00,0.00, 
36.968886,40.00,0.00, ,40.00,0.00, ,40.00,0.00, ,40.00,0.00, ,40.00,0.00, ,40.00,0.00, ,40.00,0.00, ,40.00,0.00, 
37.023886,40.00,0.00, ,40.00,0.00, ,40.00,0.00, ,40.00,0.00, ,40.00,0.00, ,40.00,0.00, ,40.00,0.00, ,40.00,0.00, 
37.078886,40.00,0.00, ,40.00,0.00, ,40.00,0.00, ,40.00,0.00, ,40.00,0.00, ,40.00,0.00, ,40.00,0.00, ,40.00,0.00, 
37.107636,40.00,0.00, ,40.00,0.00, ,40.00,0.00, ,40.00,0.00, ,40.00,0.00, ,40.00,0.00, ,40.00,0.00, ,40.00,0.00, 
37.140698,40.00,0.00, ,40.00,0.00, ,40.00,0.00, ,40.00,0.00, ,40.00,0.00, ,40.00,0.00, ,40.00,0.00, ,40.00,0.00, 
37.178720,40.00,0.00, ,40.00,0.00, ,40.00,0.00, ,40.00,0.00, ,40.00,0.00, ,40.00,0.00, ,40.00,0.00, ,40.00,0.00, 
37.222445,40.00,0.00, ,40.00,0.00, ,40.00,0.00, ,40.00,0.00, ,40.00,0.00, ,40.00,0.00, ,40.00,0.00, ,40.00,0.00, 
37.272729,40.00,0.00, ,40.00,0.00, ,40.00,0.00, ,40.00,0.00, ,40.00,0.00, ,40.00,0.00, ,40.00,0.00, ,40.00,0.00, 
37.328041,40.00,0.00, ,40.00,0.00, ,40.00,0.00, ,40.00,0.00, ,40.00,0.00, ,40.00,0.00, ,40.00,0.00, ,40.00,0.00, 
37.388885,40.00,0.00, ,40.00,0.00, ,40.00,0.00, ,40.00,0.00, ,40.00,0.00, ,40.00,0.00, ,40.00,0.00, ,40.00,0.00, 
37.455813,40.00,0.00, ,40.00,0.00, ,40.00,0.00, ,40.00,0.00, ,40.00,0.00, ,40.00,0.00, ,40.00,0.00, ,40.00,0.00, 
37.529434,40.00,0.00, ,40.00,0.00, ,40.00,0.00, ,40.00,0.00, ,40.00,0.00, ,40.00,0.00, ,40.00,0.00, ,40.00,0.00, 
37.610416,40.00,0.00, ,40.00,0.00, ,40.00,0.00, ,40.00,0.00, ,40.00,0.00, ,40.00,0.00, ,40.00,0.00, ,40.00,0.00, 
37.699497,40.00,0.00, ,40.00,0.00, ,40.00,0.00, ,40.00,0.00, ,40.00,0.00, ,40.00,0.00, ,40.00,0.00, ,40.00,0.00, 
37.797487,40.00,0.00, ,40.00,0.00, ,40.00,0.00, ,40.00,0.00, ,40.00,0.00, ,40.00,0.00, ,40.00,0.00, ,40.00,0.00, 
37.905275,40.00,0.00, ,40.00,0.00, ,40.00,0.00, ,40.00,0.00, ,40.00,0.00, ,40.00,0.00, ,40.00,0.00, ,40.00,0.00, 
38.023842,40.00,0.00, ,40.00,0.00, ,40.00,0.00, ,40.00,0.00, ,40.00,0.00, ,40.00,0.00, ,40.00,0.00, ,40.00,0.00, 
38.154265,40.00,0.00, ,40.00,0.00, ,40.00,0.00, ,40.00,0.00, ,40.00,0.00, ,40.00,0.00, ,40.00,0.00, ,40.00,0.00, 
38.297731,40.00,0.00, ,40.00,0.00, ,40.00,0.00, ,40.00,0.00, ,40.00,0.00, ,40.00,0.00, ,40.00,0.00, ,40.00,0.00, 
38.455544,40.00,0.00, ,40.00,0.00, ,40.00,0.00, ,40.00,0.00, ,40.00,0.00, ,40.00,0.00, ,40.00,0.00, ,40.00,0.00, 
38.629137,40.00,0.00, ,40.00,0.00, ,40.00,0.00, ,40.00,0.00, ,40.00,0.00, ,40.00,0.00, ,40.00,0.00, ,40.00,0.00, 
38.820090,40.00,0.00, ,40.00,0.00, ,40.00,0.00, ,40.00,0.00, ,40.00,0.00, ,40.00,0.00, ,40.00,0.00, ,40.00,0.00, 
39.020090,40.00,0.00, ,40.00,0.00, ,40.00,0.00, ,40.00,0.00, ,40.00,0.00, ,40.00,0.00, ,40.00,0.00, ,40.00,0.00, 
39.220090,40.00,0.00, ,40.00,0.00, ,40.00,0.00, ,40.00,0.00, ,40.00,0.00, ,40.00,0.00, ,40.00,0.00, ,40.00,0.00, 
39.420090,40.00,0.00, ,40.00,0.00, ,40.00,0.00, ,40.00,0.00, ,40.00,0.00, ,40.00,0.00, ,40.00,0.00, ,40.00,0.00, 
39.620090,40.00,0.00, ,40.00,0.00, ,40.00,0.00, ,40.00,0.00, ,40.00,0.00, ,40.00,0.00, ,40.00,0.00, ,40.00,0.00, 
39.820090,40.00,0.00, ,40.00,0.00, ,40.00,0.00, ,40.00,0.00, ,40.00,0.00, ,40.00,0.00, ,40.00,0.00, ,40.00,0.00, 
40.020090,40.00,0.00, ,40.00,0.00, ,40.00,0.00, ,40.00,0.00, ,40.00,0.00, ,40.00,0.00, ,40.00,0.00, ,40.00,0.00, 
40.220090,40.00,0.00, ,40.00,0.00, ,40.00,0.00, ,40.00,0.00, ,40.00,0.00, ,40.00,0.00, ,40.00,0.00, ,40.00,0.00, 
40.420090,40.00,0.00, ,40.00,0.00, ,40.00,0.00, ,40.00,0.00, ,40.00,0.00, ,40.00,0.00, ,40.00,0.00, ,40.00,0.00, 
40.620090,40.00,0.00, ,40.00,0.00, ,40.00,0.00, ,40.00,0.00, ,40.00,0.00, ,40.00,0.00, ,40.00,0.00, ,40.00,0.00, 
40.820090,40.00,0.00, ,40.00,0.00, ,40.00,0.00, ,40.00,0.00, ,40.00,0.00, ,40.00,0.00, ,40.00,0.00, ,40.00,0.00, 
41.020090,40.00,0.00, ,40.00,0.00, ,40.00,0.00, ,40.00,0.00, ,40.00,0.00, ,40.00,0.00, ,40.00,0.00, ,40.00,0.00, 
41.220090,40.00,0.00, ,40.00,0.00, ,40.00,0.00, ,40.00,0.00, ,40.00,0.00, ,40.00,0.00, ,40.00,0.00, ,40.00,0.00, 
41.420090,40.00,0.00, ,40.00,0.00, ,40.00,0.00, ,40.00,0.00, ,40.00,0.00, ,40.00,0.00, ,40.00,0.00, ,40.00,0.00, 
41.620090,40.00,0.00, ,40.00,0.00, ,40.00,0.00, ,40.00,0.00, ,40.00,0.00, ,40.00,0.00, ,40.00,0.00, ,40.00,0.00, 
41.820090,40.00,0.00, ,40.00,0.00, ,40.00,0.00, ,40.00,0.00, ,40.00,0.00, ,40.00,0.00, ,40.00,0.00, ,40.00,0.00, 
42.020090,40.00,0.00, ,40.00,0.00, ,40.00,0.00, ,40.00,0.00, ,40.00,0.00, ,40.00,0.00, ,40.00,0.00, ,40.00,0.00, 
42.220090,40.00,0.00, ,40.00,0.00, ,40.00,0.00, ,40.00,0.00, ,40.00,0.00, ,40.00,0.00, ,40.00,0.00, ,40.00,0.00, 
42.420090,40.00,0.00, ,40.00,0.00, ,40.00,0.00, ,40.00,0.00, ,40.00,0.00, ,40.00,0.00, ,40.00,0.00, ,40.00,0.00, 
42.620090,40.00,0.00, ,40.00,0.00, ,40.00,0.00, ,40.00,0.00, ,40.00,0.00, ,40.00,0.00, ,40.00,0.00, ,40.00,0.00, 
42.820090,40.00,0.00, ,40.00,0.00, ,40.00,0.00, ,40.00,0.00, ,40.00,0.00, ,40.00,0.00, ,40.00,0.00, ,40.00,0.00, 
43.020090,40.00,0.00, ,40.00,0.00, ,40.00,0.00, ,40.00,0.00, ,40.00,0.00, ,40.00,0.00, ,40.00,0.00, ,40.00,0.00, 
43.220090,40.00,0.00, ,40.00,0.00, ,40.00,0.00, ,40.00,0.00, ,40.00,0.00, ,40.00,0.00, ,40.00,0.00, ,40.00,0.00, 
43.420090,40.00,0.00, ,40.00,0.00, ,40.00,0.00, ,40.00,0.00, ,40.00,0.00, ,40.00,0.00, ,40.00,0.00, ,40.00,0.00, 
43.620090,40.00,0.00, ,40.00,0.00, ,40.00,0.00, ,40.00,0.00, ,40.00,0.00, ,40.00,0.00, ,40.00,0.00, ,40.00,0.00, 
43.820090,40.00,0.00, ,40.00,0.00, ,40.00,0.00, ,40.00,0.00, ,40.00,0.00, ,40.00,0.00, ,40.00,0.00, ,40.00,0.00, 
44.020090,40.00,0.00, ,40.00,0.00, ,40.00,0.00, ,40.00,0.00, ,40.00,0.00, ,40.00,0.00, ,40.00,0.00, ,40.00,0.00, 
44.220090,40.00,0.00, ,40.00,0.00, ,40.00,0.00, ,40.00,0.00, ,40.00,0.00, ,40.00,0.00, ,40.00,0.00, ,40.00,0.00, 
44.420090,40.00,0.00, ,40.00,0.00, ,40.00,0.00, ,40.00,0.00, ,40.00,0.00, ,40.00,0.00, ,40.00,0.00, ,40.00,0.00, 
44.620090,40.00,0.00, ,40.00,0.00, ,40.00,0.00, ,40.00,0.00, ,40.00,0.00, ,40.00,0.00, ,40.00,0.00, ,40.00,0.00, 
44.820090,40.00,0.00, ,40.00,0.00, ,40.00,0.00, ,40.00,0.00, ,40.00,0.00, ,40.00,0.00, ,40.00,0.00, ,40.00,0.00, 
45.020090,40.00,0.00, ,40.00,0.00, ,40.00,0.00, ,40.00,0.00, ,40.00,0.00, ,40.00,0.00, ,40.00,0.00, ,40.00,0.00, 
45.220090,40.00,0.00, ,40.00,0.00, ,40.00,0.00, ,40.00,0.00, ,40.00,0.00, ,40.00,0.00, ,40.00,0.00, ,40.00,0.00, 
45.420090,40.00,0.00, ,40.00,0.00, ,40.00,0.00, ,40.00,0.00, ,40.00,0.00, ,40.00,0.00, ,40.00,0.00, ,40.00,0.00, 
45.620090,40.00,0.00, ,40.00,0.00, ,40.00,0.00, ,40.00,0.00, ,40.00,0.00, ,40.00,0.00, ,40.00,0.00, ,40.00,0.00, 
45.820090,40.00,0.00, ,40.00,0.00, ,40.00,0.00, ,40.00,0.00, ,40.00,0.00, ,40.00,0.00, ,40.00,0.00, ,40.00,0.00, 
46.020090,40.00,0.00, ,40.00,0.00, ,40.00,0.00, ,40.00,0.00, ,40.00,0.00, ,40.00,0.00, ,40.00,0.00, ,40.00,0.00, 
46.220090,40.00,0.00, ,40.00,0.00, ,40.00,0.00, ,40.00,0.00, ,40.00,0.00, ,40.00,0.00, ,40.00,0.00, ,40.00,0.00, 
46.420090,40.00,0.00, ,40.00,0.00, ,40.00,0.00, ,40.00,0.00, ,40.00,0.00, ,40.00,0.00, ,40.00,0.00, ,40.00,0.00, 
46.620090,40.00,0.00, ,40.00,0.00, ,40.00,0.00, ,40.00,0.00, ,40.00,0.00, ,40.00,0.00, ,40.00,0.00, ,40.00,0.00, 
46.820090,40.00,0.00, ,40.00,0.00, ,40.00,0.00, ,40.00,0.00, ,40.00,0.00, ,40.00,0.00, ,40.00,0.00, ,40.00,0.00, 
47.020090,40.00,0.00, ,40.00,0.00, ,40.00,0.00, ,40.00,0.00, ,40.00,0.00, ,40.00,0.00, ,40.00,0.00, ,40.00,0.00, 
47.220090,40.00,0.00, ,40.00,0.00, ,40.00,0.00, ,40.00,0.00, ,40.00,0.00, ,40.00,0.00, ,40.00,0.00, ,40.00,0.00, 
47.420090,40.00,0.00, ,40.00,0.00, ,40.00,0.00, ,40.00,0.00, ,40.00,0.00, ,40.00,0.00, ,40.00,0.00, ,40.00,0.00, 
47.620090,40.00,0.00, ,40.00,0.00, ,40.00,0.00, ,40.00,0.00, ,40.00,0.00, ,40.00,0.00, ,40.00,0.00, ,40.00,0.00, 
47.820090,40.00,0.00, ,40.00,0.00, ,40.00,0.00, ,40.00,0.00, ,40.00,0.00, ,40.00,0.00, ,40.00,0.00, ,40.00,0.00, 
48.020090,40.00,0.00, ,40.00,0.00, ,40.00,0.00, ,40.00,0.00, ,40.00,0.00, ,40.00,0.00, ,40.00,0.00, ,40.00,0.00, 
48.220090,40.00,0.00, ,40.00,0.00, ,40.00,0.00, ,40.00,0.00, ,40.00,0.00, ,40.00,0.00, ,40.00,0.00, ,40.00,0.00, 
48.420090,40.00,0.00, ,40.00,0.00, ,40.00,0.00, ,40.00,0.00, ,40.00,0.00, ,40.00,0.00, ,40.00,0.00, ,40.00,0.00, 
48.620090,40.00,0.00, ,40.00,0.00, ,40.00,0.00, ,40.00,0.00, ,40.00,0.00, ,40.00,0.00, ,40.00,0.00, ,40.00,0.00, 
48.820090,40.00,0.00, ,40.00,0.00, ,40.00,0.00, ,40.00,0.00, ,40.00,0.00, ,40.00,0.00, ,40.00,0.00, ,40.00,0.00, 
49.020090,40.00,0.00, ,40.00,0.00, ,40.00,0.00, ,40.00,0.00, ,40.00,0.00, ,40.00,0.00, ,40.00,0.00, ,40.00,0.00, 
49.220090,40.00,0.00, ,40.00,0.00, ,40.00,0.00, ,40.00,0.00, ,40.00,0.00, ,40.00,0.00, ,40.00,0.00, ,40.00,0.00, 
49.420090,40.00,0.00, ,40.00,0.00, ,40.00,0.00, ,40.00,0.00, ,40.00,0.00, ,40.00,0.00, ,40.00,0.00, ,40.00,0.00, 
49.620090,40.00,0.00, ,40.00,0.00, ,40.00,0.00, ,40.00,0.00, ,40.00,0.00, ,40.00,0.00, ,40.00,0.00, ,40.00,0.00, 
49.819258,40.00,0.00, ,40.00,0.00, ,40.00,0.00, ,40.00,0.00, ,40.00,0.00, ,40.00,0.00, ,40.00,0.00, ,40.00,0.00, 
49.820258,40.00,0.00, ,40.00,0.00, ,40.00,0.00, ,40.00,0.00, ,40.00,0.00, ,40.00,0.00, ,40.00,0.00, ,40.00,0.00, 
49.822258,40.00,0.00, ,40.00,0.00, ,40.00,0.00, ,40.00,0.00, ,40.00,0.00, ,40.00,0.00, ,40.00,0.00, ,40.00,0.00, 
49.826258,40.00,0.00, ,40.00,0.00, ,40.00,0.00, ,40.00,0.00, ,40.00,0.00, ,40.00,0.00, ,40.00,0.00, ,40.00,0.00, 
49.834258,40.00,0.00, ,40.00,0.00, ,40.00,0.00, ,40.00,0.00, ,40.00,0.00, ,40.00,0.00, ,40.00,0.00, ,40.00,0.00, 
49.850258,40.00,0.00, ,40.00,0.00, ,40.00,0.00, ,40.00,0.00, ,40.00,0.00, ,40.00,0.00, ,40.00,0.00, ,40.00,0.00, 
49.882258,40.00,0.00, ,40.00,0.00, ,40.00,0.00, ,40.00,0.00, ,40.00,0.00, ,40.00,0.00, ,40.00,0.00, ,40.00,0.00, 
49.946258,40.00,0.00, ,40.00,0.00, ,40.00,0.00, ,40.00,0.00, ,40.00,0.00, ,40.00,0.00, ,40.00,0.00, ,40.00,0.00, 
50.074258,40.00,0.00, ,40.00,0.00, ,40.00,0.00, ,40.00,0.00, ,40.00,0.00, ,40.00,0.00, ,40.00,0.00, ,40.00,0.00, 
50.330258,40.00,0.00, ,40.00,0.00, ,40.00,0.00, ,40.00,0.00, ,40.00,0.00, ,40.00,0.00, ,40.00,0.00, ,40.00,0.00, 
50.842258,40.00,0.00, ,40.00,0.00, ,40.00,0.00, ,40.00,0.00, ,40.00,0.00, ,40.00,0.00, ,40.00,0.00, ,40.00,0.00, 
51.822548,40.00,0.00, ,40.00,0.00, ,40.00,0.00, ,40.00,0.00, ,40.00,0.00, ,40.00,0.00, ,40.00,0.00, ,40.00,0.00, 
52.822548,40.00,0.00, ,40.00,0.00, ,40.00,0.00, ,40.00,0.00, ,40.00,0.00, ,40.00,0.00, ,40.00,0.00, ,40.00,0.00, 
53.822548,40.00,0.00, ,40.00,0.00, ,40.00,0.00, ,40.00,0.00, ,40.00,0.00, ,40.00,0.00, ,40.00,0.00, ,40.00,0.00, 
54.822548,40.00,0.00, ,40.00,0.00, ,40.00,0.00, ,40.00,0.00, ,40.00,0.00, ,40.00,0.00, ,40.00,0.00, ,40.00,0.00, 
55.806628,40.00,0.00, ,40.00,0.00, ,40.00,0.00, ,40.00,0.00, ,40.00,0.00, ,40.00,0.00, ,40.00,0.00, ,40.00,0.00, 
